iteration	candidate_commit	dev_rmse	val_rmse	runtime_s	memory_mb	status	failure_stage	failure_message	complexity	description	rationale	source
0	b787b409d4250130d9519c528daded678b76910e	19.189958	16.316211	0.496	61.4	keep			baseline	fixed k=112 PCA	local covariance tangent plane	Hoppe1992
1	5baafd87111a9f77903f43b986f662e8cabbe277	18.881278	15.673184	0.467	65.3	keep			low	Gaussian distance-weighted PCA over the existing 112-neighbor patch	Uniform PCA gives distant samples the same leverage as nearby samples, increasing neighborhood bias where curvature changes across a patch. Weighting each point by exp(-2(d/r)^2), with r the 112th-neighbor distance, emphasizes query-local geometry while retaining all samples for noise averaging and automatically scales with density. The cost is one weight vector, a weighted centroid, and a weighted covariance per query. Ablate by replacing the weights with uniform values to recover the fixed-k PCA baseline.	original
2						crash			medium	Per-query surface-variation selection among 32-, 64-, and 112-neighbor Gaussian-weighted PCA fits (failed: CalledProcessError)	A fixed neighborhood cannot simultaneously average positional noise on planar regions and avoid neighborhood bias on curved regions. For each query, fit the retained Gaussian-weighted covariance at three nested scales and choose the normal whose covariance minimizes surface variation lambda_min / (lambda_0 + lambda_1 + lambda_2). Noise-dominated planar patches should favor broader support, whereas curvature raises the normal-direction variance of broad patches and should favor narrower support. The cost is three small symmetric eigendecompositions instead of one. Ablate the mechanism by restricting the candidate scales to 112 neighbors, exactly recovering the current weighted-PCA frontier.	original
3	329479de5203e3743aa4ed127827b9d61275d459	18.980142		0.499	65.3	discard			baseline	Reduce the Gaussian PCA distance-decay coefficient from 2.0 to 1.0	The current Gaussian kernel may over-localize the 112-neighbor patch: its boundary weight exp(-2) is only 0.135, reducing the effective sample support and making the covariance more sensitive to positional noise. Using exp(-(d/r)^2) raises the boundary weight to exp(-1) = 0.368, preserving a query-centered bias while averaging more observations; this should improve noisy cases at the possible cost of modestly greater curvature bias, with no asymptotic or implementation cost. Ablate by restoring the decay coefficient to 2.0 while leaving every other estimator choice unchanged.	original
4						crash			medium	Gaussian-weighted quadratic jet refinement in the local PCA frame (failed: CalledProcessError)	A planar PCA fit can tilt under smooth curvature or asymmetric sampling because it must explain the whole patch with one plane. After retaining the current weighted PCA frame, fit the normalized local height z = c0 + c1 x + c2 y + c3 x^2 + c4 xy + c5 y^2 with the same Gaussian weights; the query normal is proportional to (-c1, -c2, 1). The quadratic terms absorb curvature, so the linear gradient more directly estimates the tangent at the query, with expected gains on curved and density-biased patches. The added cost is one batched 6-by-6 regularized least-squares solve per query. Ablate by returning the initial PCA frame normal and omitting the polynomial fit, exactly recovering the current frontier estimator.	https://doi.org/10.1016/j.cagd.2004.09.008
5	eda652853d6c7214ee66eb4690035142f382a645	19.010716		0.489	66.0	discard			baseline	Increase the Gaussian PCA distance-decay coefficient from 2.0 to 3.0	The retained 112-neighbor estimator can still suffer curvature bias because points near the patch boundary retain weight exp(-2) = 0.135 and therefore influence the fitted plane despite being least representative of the query tangent. Using exp(-3(d/r)^2) lowers the boundary weight to exp(-3) = 0.050, strengthening query locality while preserving all neighbors and the density-adaptive radius; the preceding result that weakening decay to 1.0 reduced accuracy motivates testing the opposite direction. The expected benefit is less tangent bias on curved or nonuniform patches, with the possible cost of less noise averaging but no added runtime or algorithmic complexity. Ablate by restoring the coefficient to 2.0 with all other estimator choices unchanged.	original
6	708694325a3af890f82c0e999575a33ec3cc2fac	18.659968	16.256665	0.511	77.1	discard			baseline	Increase the Gaussian-weighted PCA neighborhood from 112 to 160 neighbors	The retained query-local weighting improves clean, low-noise, stripe, and gradient conditions but loses accuracy at medium and high noise, indicating insufficient sample support. Increasing k from 112 to 160 supplies more observations for covariance averaging, while the retained exp(-2(d/r)^2) kernel limits the leverage of the more distant samples and adapts its radius to local density. Medium and high noise should improve; clean and curved geometry may regress from the broader spatial support. The cost is 43% more neighborhood data in the same single weighted covariance and eigendecomposition. Ablate by restoring k=112 while keeping the decay coefficient and all other computations unchanged.	original
7	f762cb1b131914bc708fd09493dc0e0d5bfc3003	18.735248		0.581	77.5	provisional			baseline	Increase the Gaussian-weighted PCA neighborhood from 112 to 224 neighbors	The k=160 probe established that broader support substantially improves medium- and high-noise normals, but its support may still be too small to average strong positional noise. Increasing k to 224 tests the next ordered scale anchor while retaining exp(-2(d/r)^2) weighting to limit distant-point leverage and adapt the radius to density. Medium and high noise should improve further; clean, low-noise, stripe, gradient, and strongly curved patches may regress because the larger spatial footprint increases neighborhood bias. The cost is twice the neighborhood data of k=112 in the same single covariance and eigendecomposition. Ablate by restoring k=112 with the weighting and all other computations unchanged.	original
8	e08121db77f676832bc1603d012becdab0a3c0a9	19.589027		0.457	65.4	discard			baseline	Reduce the Gaussian-weighted PCA neighborhood from 224 to 80 neighbors	The broad 224-neighbor patch averages positional noise but measurably increases neighborhood bias on clean, low-noise, stripe, and gradient conditions because curved or spatially varying geometry farther from the query can tilt one fitted plane. Reducing k to 80 uses a smaller density-adaptive radius while retaining exp(-2(d/r)^2) weighting, so the covariance represents more query-local geometry. Clean, low-noise, stripe, and gradient accuracy should improve; medium and high noise may regress because fewer samples are available for averaging. The change reduces memory and covariance work without adding an algorithmic mechanism. Ablate by restoring k=224 while leaving the Gaussian decay and all computations unchanged.	original
9	8703d29f24c5d3c56b594dd3414ba773d90598d8	18.367378	16.817228	0.678	71.3	discard			low	Select between 80- and 224-neighbor Gaussian PCA using small-scale surface variation	The fixed-scale probes expose a strong bias-variance split: 80 neighbors improve clean, low-noise, stripe, and gradient cases by reducing curvature and neighborhood bias, while 224 neighbors improve medium and high noise through stronger averaging. This change computes both retained Gaussian-weighted PCA fits and uses the dimensionless small-scale surface variation lambda_min / sum(lambda) as confidence: values at or below 0.01 select the local 80-neighbor tangent, while less planar patches fall back to 224 neighbors for noise robustness. Expected gains are recovery of clean, low, stripe, and gradient accuracy without surrendering all medium/high-noise gains; genuinely curved small patches may be mistaken for noise and retain the broad biased fit. The cost is a second weighted covariance and eigendecomposition. Ablate by always selecting the 224-neighbor fit, exactly recovering the current frontier estimator.	original
10	57d87da2a580485c88f9dc94ced462aa9c5bc382	18.672701	15.375965	0.682	78.4	keep			low	One-step Cauchy residual reweighting of the retained 112-neighbor Gaussian PCA	The fixed-scale probes show that enlarging support improves medium and high noise but loses too much accuracy to neighborhood bias, so support size alone does not resolve the trade-off. Starting from the retained Gaussian-weighted PCA plane, this change estimates residual scale with the median absolute deviation and multiplies each distance weight by 1 / (1 + (e / (2.5 sigma))^2), then recomputes the weighted covariance once. Points with unusually large normal-direction residuals therefore have bounded leverage without broadening the patch. Medium/high-noise cases and patches containing geometric outliers should improve; clean, low-noise, stripe, and gradient cases should remain close to the frontier, while genuinely curved patches may regress if valid curvature is treated as residual contamination. The cost is residual statistics plus one additional 3-by-3 eigendecomposition per query. Ablate by omitting the Cauchy factors and final refit, which returns the initial retained Gaussian-PCA normal.	original
11	0f313fe210048604c9d823c0d77d39a4b659ba45	18.638573		0.658	70.2	discard			baseline	Reduce the one-step Cauchy residual cutoff from 2.5 to 2.0 sigma	The retained robust fit improved clean, low-noise, stripe, and gradient patches, suggesting that points far from the provisional tangent still carry enough leverage to bias the local plane through curvature, asymmetric sampling, or sparse outliers. Reducing the Cauchy cutoff from 2.5 to 2.0 sigma gives a 2-sigma residual weight of 0.5 instead of about 0.61, strengthening only the existing residual rejection without changing neighborhood support or adding a mechanism. Clean, low-noise, stripe, and gradient conditions should improve; medium and high noise may regress because widespread positional noise is valid signal rather than sparse contamination. Runtime and asymptotic cost are unchanged. Ablate this parameter by restoring the cutoff to 2.5 with every other computation fixed.	original
12	bef55454a2d0653b66acddca9de3c3eeba77f179	18.702036		0.664	77.2	discard			baseline	Increase the one-step Cauchy residual cutoff from 2.5 to 3.0 sigma	The retained robust fit improves query-local geometry but still regresses on medium and high noise, where widespread normal-direction displacement is not sparse contamination. The rejected 2.0-sigma probe strengthened rejection and measurably worsened both noisy conditions, motivating the untested opposite parameter direction. Raising the Cauchy cutoff from 2.5 to 3.0 sigma increases a 2.5-sigma residual's weight from 0.5 to about 0.59, preserving more valid noisy samples in the covariance while retaining bounded leverage for extreme residuals. Medium and high noise should improve; clean, low-noise, stripe, and gradient conditions may regress through increased curvature or outlier leverage. Runtime and asymptotic cost are unchanged. Ablate by restoring the cutoff to 2.5 with every other computation fixed.	original
13	20c760f98e606f35da4c1316997c9607aae10b2d	18.37989	15.914907	0.768	78.0	discard			baseline	Increase the retained robust Gaussian-PCA neighborhood from 112 to 160 neighbors	The retained one-step Cauchy fit improves query-local geometry but still loses accuracy at medium and high noise, where 112 samples provide limited covariance averaging. The earlier non-robust k=160 anchor substantially improved both noisy conditions but regressed clean, low-noise, stripe, and gradient patches through broader-neighborhood bias; applying that measured scale to the retained robust estimator tests whether residual reweighting can bound the leverage of curvature-biased or outlying boundary samples while the additional samples stabilize noisy covariance estimates. Medium and high noise should improve, while clean, low-noise, stripe, and gradient conditions may still regress if coherent curvature is not rejected as an outlier. The cost is 43% more neighborhood storage and weighted-covariance work in each of the existing two fits, with no new algorithmic mechanism. Ablate by restoring k=112 while leaving Gaussian decay, Cauchy cutoff, and both PCA passes unchanged.	original
14	46459d1592630fd61c8880c73eb19979cf56eb5d	18.69935		0.726	70.2	discard			low	Center Cauchy reweighting on the median signed plane residual	The retained fit estimates residual scale around the median but currently applies its Cauchy penalty around zero, an inconsistency that can give low weight to the coherent surface sheet when curvature or asymmetric density shifts the residual distribution away from the provisional PCA plane. This change uses u = (e - median(e)) / (2.5 sigma) in the existing Cauchy factor 1 / (1 + u^2), so rejection targets deviations from the robust residual center rather than the center's offset. Clean, low-noise, stripe, and gradient patches should improve through less curvature and neighborhood-bias misclassification; medium and high noise may regress slightly if median centering preserves more displaced samples. The cost is one subtraction with unchanged memory and asymptotic work. Ablate by removing the median subtraction, exactly recovering the retained estimator.	original
15	73c45e9db36f2892f6abf05b9932d2df7f830ce7	18.609693	15.275942	0.826	72.8	keep			medium	Add a second Cauchy residual-reweighting step to the retained robust Gaussian PCA	A single robust refit still computes its Cauchy weights from the Gaussian-PCA plane, which can itself be tilted by curvature, asymmetric sampling, or outliers; those provisional residuals may therefore under-identify the points biasing the tangent. Recomputing residuals and Cauchy weights once from the first robust plane is a second IRLS step toward the same bounded-influence fit, without changing the neighborhood, kernel, cutoff, or objective. Clean, low-noise, stripe, and gradient patches should improve if the refined plane separates coherent tangent samples from biased points more accurately; medium and high noise may regress because repeated rejection reduces effective noise-averaging support. The cost is one additional weighted covariance and 3-by-3 eigendecomposition per query. Ablate by setting the number of robust reweighting steps back to one, exactly recovering the retained estimator.	original
16	44e123ca699a69bd755bc0acd0b8545c0accf975	18.589854		1.021	72.9	discard			baseline	Increase Cauchy residual reweighting from two to three IRLS steps	The retained second IRLS step improved clean, low-noise, stripe, and gradient conditions, indicating that recomputing residuals from a less biased robust plane better isolates curvature-, density-, or outlier-induced leverage than stopping after one refinement. A third step continues the same bounded-influence objective: compute Cauchy factors from the second robust plane and refit the weighted covariance once more. Those four query-local conditions should improve if the fit has not converged, while medium and high noise may regress because repeated downweighting reduces effective averaging support. The cost is one additional weighted centroid, covariance, and 3-by-3 eigendecomposition per query, with no new mechanism or hyperparameter. Ablate by restoring two reweighting steps, exactly recovering the validated frontier.	original
17						crash	agent.edit-scope	expected only estimator.py to change; changed paths: ['README.md', 'experiments/normal-estimation/estimator.py']	medium	Freeze the Cauchy residual scale from the initial Gaussian-PCA fit across both IRLS steps	The retained second IRLS step improves clean, low-noise, stripe, and gradient patches but regresses medium and high noise, and a third step amplifies the same trade-off. Re-estimating MAD after each robust refit can shrink the scale as the plane follows its inliers, so ordinary positional-noise residuals receive progressively smaller Cauchy weights. This change estimates sigma = 1.4826 median(|e - median(e)|) once from the initial Gaussian-PCA residuals and holds it fixed during both plane refinements, isolating plane convergence from scale contraction. Medium and high noise should improve through greater effective sample support; clean, low-noise, stripe, and gradient conditions may regress because curvature-biased points retain more leverage. The cost is unchanged asymptotically and slightly lower in practice because the second MAD calculation is removed. Ablate by recomputing MAD inside each IRLS step, exactly recovering the current frontier estimator.	original
18	85e3a72d8108acce3fb8f3d852732529fc1dff9a	18.631545		0.756	83.2	discard			medium	Hold the initial MAD residual scale fixed during both Cauchy plane refinements	In two-step robust PCA, recomputing MAD after the first refit can contract the estimated noise scale as the plane follows its inliers, causing ordinary positional-noise residuals to be increasingly rejected in the second step. Estimate sigma = 1.4826 median(|e - median(e)|) once from the initial Gaussian-PCA plane and reuse it while updating only the plane and Cauchy residual weights. This should preserve effective support and improve medium- and high-noise conditions; clean, low-noise, stripe, and gradient conditions may regress because curvature-biased samples retain more leverage. It removes one median-scale calculation without changing asymptotic cost. Ablate by recomputing MAD from the current plane inside each reweighting step, which exactly recovers the retained frontier.	original
19						crash	quality.ruff-fix	Ruff exited with status 1	medium	Gate the second Cauchy refinement by initial PCA surface variation	The retained second IRLS step improves clean, low-noise, stripe, and gradient patches but reduces effective support and regresses medium and high noise. This change always performs the retained first robust refit, then applies the second refit only when the initial Gaussian covariance confidently describes a plane, using the dimensionless criterion lambda_min / (lambda_0 + lambda_1 + lambda_2) <= 0.01. On high-variation, noise-dominated patches it preserves the one-step fit and its greater effective support; on confident planar patches it retains the second step's removal of curvature-, density-, or outlier-induced leverage. Medium and high noise should improve, while clean, low, stripe, and gradient should remain near the frontier; genuinely curved patches with high surface variation may regress by stopping after one step. The cost is one scalar confidence per patch, with the current batched second eigendecomposition retained for readable vectorization. Ablate by forcing the gate true for every patch, exactly recovering the current two-step frontier.	original
20	464554cd961fda2d712ce71b3bef97204f2fd81c	18.667599		0.831	81.6	discard			medium	Use initial surface variation to conditionally accept the second Cauchy IRLS refinement	Two Cauchy refinements reduce curvature-, density-, and outlier-induced tangent bias on clean, low-noise, stripe, and gradient patches, but measured results show a small medium/high-noise regression because repeated residual rejection reduces effective support. This change computes the initial PCA surface variation lambda_min / sum(lambda) and accepts the second-step normal only when that dimensionless value is at most 0.01; noisier, weakly planar patches retain the always-computed one-step normal. Medium and high noise should improve while the four query-local conditions remain close to the frontier, though genuinely curved high-variation patches may regress by stopping early. The added mechanism is one scalar confidence and a selection per patch; the second fit remains batched, so runtime is not reduced. Ablate by accepting the second-step normal for every patch, exactly recovering the retained estimator.	original
21	2ca4859c9f3e6e2dd66e5a6962504f931713dc5f	18.642562		0.828	78.3	discard			baseline	Relax the Cauchy cutoff from 2.5 to 3.0 sigma only during the second IRLS refinement	The retained second Cauchy refinement improves clean, low-noise, stripe, and gradient patches, but its repeated rejection reduces effective covariance support and measurably regresses medium and high noise. Keep the first pass at 2.5 sigma to suppress gross curvature-, density-, and outlier-induced residuals, then use a more conservative 3.0-sigma cutoff after the plane has already been robustly corrected. This should retain more ordinary positional-noise samples in the final covariance and improve medium/high noise; clean, low, stripe, and gradient may regress slightly because moderate geometric residuals regain leverage. The change adds one global scalar and no eigendecompositions or asymptotic cost. Ablate by setting the refined cutoff back to 2.5, exactly recovering the retained two-step estimator.	original
22	165687a2bf0bc1ee04db047f9aa0ea2eb4ee010f	18.573155		0.848	73.0	discard			baseline	Tighten the Cauchy cutoff from 2.5 to 2.0 sigma only during the second IRLS refinement	The retained second refinement improves clean, low-noise, stripe, and gradient patches by recomputing residual leverage from a less biased plane, but its cutoff has not been tested in the stricter direction independently of the first pass. Keep the initial fit at 2.5 sigma for stable rejection from the provisional PCA plane, then use 2.0 sigma after that plane has been robustly corrected; a residual of two refined-scale sigmas then receives weight 0.5 rather than about 0.61. This should further suppress coherent curvature-, asymmetric-density-, and outlier-induced leverage and improve clean, low, stripe, and gradient conditions, while medium and high noise may regress because valid noisy samples lose effective support. The change adds one global scalar and no eigendecompositions or asymptotic cost. Ablate by setting the refined cutoff back to 2.5, exactly recovering the retained two-step estimator.	original
23	b68d54e30c9d84182b75d017835955fc98734eac	18.790807		0.894	80.1	discard			low	Replace Cauchy residual weights with Huber weights in both robust PCA refinements	The retained Cauchy fit improves clean, low-noise, stripe, and gradient patches, but it also downweights every nonzero residual and measurably reduces effective covariance support at medium and high noise. At the same 2.5-sigma cutoff, Huber weights keep ordinary residuals at full weight and use min(1, 2.5 sigma / |e|) only for larger point-to-plane deviations, preserving Gaussian-noise averaging while still limiting the influence of geometric outliers and severe neighborhood bias. Medium and high noise should improve; clean, low, stripe, and gradient conditions may regress because moderate curvature- or density-induced residuals retain more leverage. The eigendecomposition count and asymptotic cost are unchanged. Ablate by restoring 1 / (1 + (e / (2.5 sigma))^2) in both refinements, exactly recovering the retained estimator.	https://doi.org/10.1214/aoms/1177703732
24	bfa0ed5904013c20c3981345831abb5df403285f	21.199881		0.909	78.0	discard			low	Use provisional tangent-plane distance in the Gaussian kernel for both robust PCA refinements	Euclidean neighbor distance mixes lateral surface separation with normal-direction displacement, so positional noise can unnecessarily suppress precisely the samples needed for covariance averaging. After the retained initial Gaussian PCA, project each query-to-neighbor offset onto its provisional tangent plane and use exp(-2 ||P_T(p-q)||^2 / r^2) as the fixed spatial kernel for both Cauchy refinements; residual reweighting still limits points far from the fitted surface. Medium and high noise should improve through greater effective support, while clean, low, stripe, and gradient patches may regress if curvature or an inaccurate provisional normal makes distant surface points appear laterally close. The cost is one projection per neighbor with no extra eigendecomposition. Ablate by computing the refinement kernel from the original Euclidean neighbor distances, exactly recovering the retained estimator.	original
25	002c29d21b1b4afc760b2d8d49382ca536a05029	17.869984	15.711446	1.227	101.1	discard			low	Extend robust Gaussian-PCA support to 224 neighbors while retaining the 112th-neighbor kernel bandwidth	The retained 112-neighbor fit hard-truncates its Gaussian kernel where boundary samples still have weight exp(-2), limiting covariance averaging at medium and high positional noise. Use 224 neighbors but continue normalizing distances by the 112th-neighbor radius, so the added samples form a rapidly decaying tail (approximately exp(-4) at the 224th neighbor under uniform surface density) rather than broadening the kernel as in the rejected fixed-k=224 probe. Medium and high noise should improve through additional low-leverage samples; clean, low, stripe, and gradient conditions may regress slightly from residual curvature or neighborhood bias. The cost is roughly twice the neighborhood storage and weighted-covariance work in the same initial fit and two Cauchy refinements, with no extra eigendecompositions. Ablate by truncating support at 112 while retaining that same bandwidth and all robust-fit settings, exactly recovering the frontier estimator.	original
26	caee1b24fc54caf6e440525deb95f94b5949226b	18.157194	15.468579	1.018	78.3	discard			baseline	Use a 160-neighbor Gaussian tail while retaining the 112th-neighbor kernel bandwidth	The retained 112-neighbor estimator truncates its Gaussian kernel where samples still have weight exp(-2), but extending the same kernel to 224 neighbors improved medium and high noise at excessive clean-geometry and validation cost. Extending support only to 160 neighbors is the intermediate parameter probe: the 112th-neighbor radius still fixes locality, while neighbors 113 through 160 contribute a rapidly decaying tail for covariance averaging rather than broadening the kernel. Medium and high noise should improve; clean, low-noise, stripe, and gradient conditions may regress from residual curvature leverage, but less than with the measured 224-neighbor tail. The cost is 43% more neighborhood storage and weighted-covariance work in the existing three fits, with no new eigendecompositions or mechanism. Ablate by setting support back to 112 while keeping the bandwidth, decay, and robust refinements unchanged.	original
27	2832aeb2e224283343a247ca6aedbbc1dfffbfea	23.827748		0.811	74.0	discard			low	Anchor each robust Gaussian-PCA plane at the query instead of the weighted neighborhood centroid	A centroid-fitted plane estimates the tangent near the patch's weighted center, which can differ from the query under curvature or asymmetric density and thereby introduce neighborhood bias. This change forms query-relative offsets and minimizes sum_i w_i (n dot (p_i - q))^2 in the initial fit and both retained Cauchy refinements, explicitly estimating the plane through q. Clean, low-noise, stripe, and gradient conditions should improve when curvature or nonuniform sampling displaces the centroid; medium and high noise may regress because a noisy query cannot be averaged into a more stable plane offset. The change removes centroid calculations without adding eigendecompositions or asymptotic cost. Ablate by subtracting each pass's weighted centroid before covariance formation, exactly restoring the retained centroid-fitted estimator.	original
28	266933d38f37d2a59cc62b8110ba3d98a36fc30b	18.584173		0.877	73.1	discard			medium	Gate the second Cauchy refinement by the initial normal eigengap	The retained second IRLS step reduces curvature, density, and outlier leverage on clean local geometry, but repeated rejection reduces effective support and regresses medium and high noise. The earlier surface-variation gate used lambda_0 / sum(lambda), which conflates curved but identifiable tangents with noise. This change instead accepts the second-step normal only when lambda_0 / lambda_1 <= 0.5: the smallest eigenvalue is then separated from the weakest tangent eigenvalue, so the normal direction is identifiable. Low-eigengap, noise-dominated patches retain the one-step estimate and its greater effective support. Medium and high noise should improve; clean, low, stripe, and gradient should remain near the frontier, while locally isotropic curved patches may regress by stopping early. Both fits remain batched, so the cost is one dimensionless ratio and selection with no additional eigendecomposition. Ablate by always accepting the second-step normal, exactly recovering the retained frontier.	original
29	179ca55456801eca29d52deb403d870291edde45	18.423357	15.273004	0.959	78.5	discard			medium	Initialize local robust PCA from a 160-neighbor Gaussian tail, then retain 112-neighbor IRLS refinements	At medium and high positional noise, the provisional 112-neighbor PCA normal is variance-limited, so its residuals can misidentify which samples should be downweighted in both subsequent robust fits. The measured 160-neighbor Gaussian tail improved those noisy conditions but harmed clean local geometry when it remained active in every fit. This staged-support change uses neighbors 113 through 160 only to stabilize the provisional plane, with the Gaussian bandwidth still fixed by the 112th neighbor; both Cauchy refinements then return to the retained 112-neighbor patch so distant curvature cannot directly influence the final covariance. Medium and high noise should improve, while clean, low-noise, stripe, and gradient cases may regress slightly if the broader initialization biases the first residual classification. The cost is 48 extra points only in the initial covariance, with no extra eigendecomposition. Ablate by setting the initial support to 112, which exactly recovers the retained estimator.	original
30	95b0568f86f6c7c267def0ac3dedd7c46ba086bf	18.584703		0.837	73.0	discard			baseline	Use a decreasing 3.0-to-2.0 sigma Cauchy cutoff schedule across the two robust PCA refinements	Residuals from the provisional Gaussian-PCA plane are less reliable because noise, curvature, or asymmetric density can tilt that plane, while residuals from the first robust plane identify geometric leverage more accurately. A permissive 3.0-sigma first cutoff preserves covariance support under medium and high positional noise; tightening to 2.0 sigma only after correction more strongly suppresses curvature-, density-, and outlier-induced bias. Prior isolated cutoff probes predict medium/high gains from the relaxed first stage and clean, low, stripe, and gradient gains from the strict refined stage, though either side may dominate. This changes only two global scalars and adds no computation. Ablate by setting both cutoffs to 2.5, exactly recovering the retained estimator.	original
31	9523ff9402dc9e7f59b39a4b71c9e5e36343e374	18.534534		0.846	81.9	provisional			baseline	Tighten only the second Cauchy refinement cutoff from 2.5 to 1.5 sigma	The retained first robust fit supplies a less biased tangent, so its residuals should distinguish curvature-, asymmetric-density-, and outlier-induced leverage more reliably than residuals from the initial PCA plane. The measured 2.0-sigma second-pass probe improved clean, low-noise, stripe, and gradient conditions, and the rejected 3.0-to-2.0 schedule showed that relaxing the first pass offsets those gains; this next stricter parameter anchor keeps the stable first cutoff at 2.5 sigma and lowers only the refined cutoff to 1.5 sigma. It should further improve those four query-local conditions by suppressing moderate geometric residuals, while medium and high noise may regress because valid noisy samples receive less effective covariance support. It changes one global cutoff and adds no computation. Ablate by restoring the second cutoff to 2.5, exactly recovering the retained estimator.	original
32	63923fdae90e590df213a672b532a2a8d089bce8	18.500528		0.879	73.0	discard			baseline	Tighten only the second Cauchy refinement cutoff from 1.5 to 1.0 sigma	The first robust fit provides a less biased plane, making its residuals more reliable indicators of curvature-, asymmetric-density-, and outlier-induced leverage than residuals from the initial PCA plane. Tightening the second Cauchy cutoff from 1.5 to 1.0 sigma continues the measured beneficial direction from 2.5 through 2.0 and 1.5: a residual of one refined-scale sigma now receives weight 0.5, more strongly limiting moderate geometric leverage while leaving the stable first-pass cutoff unchanged. Clean, low-noise, stripe, and gradient conditions should improve; medium and high noise may regress because valid noisy samples receive less effective covariance support. This changes one global scalar with no runtime or asymptotic cost. Ablate by restoring the second cutoff to 1.5 while keeping the first cutoff and all computations fixed, exactly recovering the current frontier.	original
33	b4153d5361191fb1c07a78b05b1a5ebf88a780b9	18.495918		0.855	74.8	discard			baseline	Tighten only the second Cauchy refinement cutoff from 1.5 to 0.5 sigma	After the first robust fit has corrected the provisional tangent, its residuals are more reliable indicators of curvature-, asymmetric-density-, and outlier-induced leverage. The measured 2.0-, 1.5-, and 1.0-sigma probes consistently improved clean, low-noise, stripe, and gradient conditions as the refined cutoff tightened; although 1.0 sigma did not improve the aggregate enough for retention, it preserved that directional evidence, so 0.5 sigma is the next untested strict anchor. At this cutoff, a residual of 0.5 refined-scale sigma receives Cauchy weight 0.5, strongly localizing the final covariance to the coherent tangent sheet. Those four geometry-sensitive conditions should improve, while medium and high noise may regress because valid noisy samples lose effective support. This changes one global scalar and adds no runtime or asymptotic cost. Ablate by restoring the second cutoff to 1.5 while keeping the first cutoff and all computations fixed, exactly recovering the current frontier.	original
34	43c290eef3a3c4bc723c68db2bd0505670e70e53	18.519192		0.887	81.6	discard			baseline	Tighten the first Cauchy refinement cutoff from 2.5 to 2.0 sigma while retaining the 1.5-sigma second cutoff	The retained second refinement is initialized by a 2.5-sigma robust plane, so moderate curvature-, asymmetric-density-, or outlier-induced residuals can still tilt that intermediate plane and make the final residual classification less accurate. Tightening only the first cutoff to 2.0 sigma reduces their covariance leverage before the already-retained 1.5-sigma refinement; mathematically, a residual of two scale sigmas receives Cauchy weight 0.5 instead of about 0.61. Prior cutoff probes indicate that clean, low-noise, stripe, and gradient conditions should improve, while medium and high noise may regress because valid noisy samples lose effective support. This changes one global scalar with no added runtime or asymptotic cost. Ablate by restoring the first cutoff to 2.5 while retaining the 1.5 second cutoff and all computations, exactly recovering the current frontier.	original
35	21b79f5b1f6f9ade466fbe6a7058a3b1a41363ec	18.501064		0.877	73.0	discard			baseline	Tighten the first Cauchy refinement cutoff from 2.5 to 1.5 sigma to match the retained second cutoff	The initial Gaussian-PCA plane can be tilted by curvature, asymmetric density, or outliers, allowing moderate geometric residuals to retain leverage in the first robust covariance and bias the residual classification used by the final fit. The measured 2.0-sigma first-pass probe improved clean, low-noise, stripe, and gradient conditions while retaining the 1.5-sigma second pass, so 1.5 sigma is the next strict anchor and applies one consistent bounded-influence cutoff to both refinements. Those four geometry-sensitive conditions should improve; medium and high noise may regress because valid noisy samples receive less effective support. This changes one global scalar with no added runtime or asymptotic cost. Ablate by restoring the first cutoff to 2.5 while keeping the second cutoff at 1.5 and all computations unchanged, exactly recovering the current frontier.	original
36	5abc0d4fe41ade42a3109e71a99c3e1dfe3676a0	18.530493		0.831	80.9	discard			medium	Smoothly relax the second Cauchy cutoff using initial normal eigengap ambiguity	The retained 1.5-sigma second refinement improves clean, low-noise, stripe, and gradient patches but loses medium/high-noise accuracy because a strict residual cutoff reduces effective covariance support even when the provisional normal is uncertain. This change measures initial normal ambiguity as a = clip(lambda_0 / lambda_1, 0, 1) and uses a second cutoff of 1.5 + a sigma: well-separated planar patches retain the frontier's strict rejection, while noise-ambiguous patches smoothly preserve more samples instead of making the hard accept/reject decision tested previously. Medium and high noise should improve; clean, low, stripe, and gradient should remain close to the frontier, while isotropically curved patches may regress because ambiguity also relaxes rejection of valid curvature. The cost is one eigenvalue ratio and scalar cutoff per patch, with no extra fit. Ablate by removing a from the second cutoff, exactly recovering the retained estimator.	original
37	e578eb22c95d4b587ffce9b84486091f7ebfb868	18.117488	15.142221	0.988	78.7	keep			medium	Initialize robust local PCA from a 224-neighbor Gaussian tail, then refine on 112 neighbors	The retained 112-neighbor estimator is sample-variance limited at medium and high positional noise, while keeping broad support in the final covariance causes curvature and neighborhood bias. Use 224 neighbors only for the provisional PCA normal, with Gaussian bandwidth still fixed by the 112th-neighbor radius, then perform both retained Cauchy refinements on the original 112-neighbor patch. The measured 160-neighbor staged initialization improved medium and high noise with much smaller clean-geometry losses than persistent broad support, so 224 is the next untested initialization anchor: it should further stabilize noisy provisional residuals, while clean, low-noise, stripe, and gradient cases may regress if the broader provisional plane biases the first residual classification. The cost is 112 extra points in only the initial covariance, with no extra eigendecomposition. Ablate by setting the initial support back to 112, exactly recovering the current frontier.	original
38	777cad57ec7f3c8582206e06212911abbe1adc7c	18.093078		1.002	85.9	discard			medium	Recenter the broad provisional normal on the local 112-neighbor Gaussian centroid before robust refinement	The retained 224-neighbor initialization stabilizes the provisional normal under medium and high noise, but its broad weighted centroid can move away from the query-local surface sheet under curvature or asymmetric density. Using that broad plane offset to compute the first 112-neighbor Cauchy residuals can therefore downweight valid local samples asymmetrically even when the provisional normal direction is accurate. This change preserves the broad normal direction but translates its plane through the Gaussian-weighted centroid of the refinement patch before residual classification: e_i = n_initial dot (p_i - c_112). Clean, low-noise, stripe, and gradient conditions should recover some of the locality lost by broad initialization; medium and high noise may regress slightly because the local centroid has higher variance than the broad centroid. The cost is one weighted centroid per batch and no eigendecomposition. Ablate by centering the first residuals at the 224-neighbor centroid, exactly recovering the current frontier.	original
39	0ede1aabb70d82630a7f3b9f5668a2a0faf04d3e	18.230178		1.001	85.6	discard			baseline	Tighten only the 224-neighbor initialization kernel from Gaussian decay 2.0 to 3.0	The retained broad initialization improves medium/high-noise normals but slightly regresses clean, low-noise, stripe, and gradient conditions because distant curved or density-biased samples can tilt the provisional plane and hence its first residual classification. Changing only the initialization weights from exp(-2(d/r_112)^2) to exp(-3(d/r_112)^2) lowers the weight at the local bandwidth from exp(-2) to exp(-3) and suppresses the far 224-neighbor tail more strongly, while the two final robust fits remain unchanged on 112 neighbors. Clean, low-noise, stripe, and gradient conditions should improve through lower neighborhood bias; medium and high noise may regress because the provisional covariance has less effective averaging support. This changes one scalar with no asymptotic cost. Ablate by restoring the initialization decay to 2.0, exactly recovering the retained frontier.	original
40						crash	quality.ruff-fix	Ruff exited with status 1	baseline	Relax only the 224-neighbor initialization kernel from Gaussian decay 2.0 to 1.0	The retained broad initialization improves medium- and high-noise normals by stabilizing the provisional plane, but Gaussian decay 2.0 still gives limited effective weight to its added tail; the opposite decay-3.0 probe reduced that support and measurably worsened both noisy conditions. Using exp(-(d/r_112)^2) only for the 224-neighbor provisional covariance preserves more distant samples for noise averaging, while both final Cauchy refinements retain decay 2.0 on 112 neighbors so the broader kernel cannot directly bias the final covariance. Medium and high noise should improve; clean, low-noise, stripe, and gradient conditions may regress if curvature or asymmetric density tilts the provisional residual classification. This changes one initialization scalar with no asymptotic cost. Ablate by restoring the initialization decay to 2.0, exactly recovering the retained frontier.	original
41	16a285296861b3b1737191f013bd5340d0968a88	18.095621		1.044	93.2	discard			baseline	Relax only the 224-neighbor initialization kernel from Gaussian decay 2.0 to 1.0	The retained broad initialization improves medium- and high-noise normals by stabilizing the provisional plane, but decay 2.0 gives little effective weight to the added tail; conversely, the measured decay-3.0 initialization lost noise accuracy. Using exp(-(d/r_112)^2) for only the 224-neighbor provisional covariance increases noise-averaging support, while explicitly recomputing exp(-2(d/r_112)^2) weights for both final 112-neighbor Cauchy refinements prevents the broader kernel from directly biasing the final covariance. Medium and high noise should improve; clean, low-noise, stripe, and gradient conditions may regress if curvature or asymmetric density tilts provisional residual classification. This changes one scalar and adds only one local weight computation. Ablate by setting INITIAL_DISTANCE_DECAY back to 2.0, exactly recovering the frontier.	original
42	94e804b8fca96226d479369e4c79f2ff30cccfca	18.285766		1.003	81.2	discard			baseline	Reduce the robust refinement neighborhood and Gaussian bandwidth anchor from 112 to 96 neighbors	The retained 224-neighbor initialization reduces variance under medium and high positional noise, but the final 112-neighbor robust covariances can still average across curvature or asymmetric density and tilt the query-local tangent. Using the 96th-neighbor radius as the Gaussian bandwidth and retaining only 96 points in both Cauchy refinements makes the final fit more local while preserving the broad provisional normal. Clean, low-noise, stripe, and gradient conditions should improve through lower curvature and neighborhood bias; medium and high noise may regress because the final covariances average fewer samples. This changes one global neighborhood parameter, reduces refinement work, and adds no mechanism. Ablate by restoring NEIGHBOR_COUNT to 112, exactly recovering the frontier estimator.	original
43	cc3edfa78f113b9425f86ea12380115e926a2299	18.175115		1.034	88.6	discard			baseline	Use 96 neighbors only for the final Cauchy PCA refinement	The retained 224-neighbor initialization stabilizes normals under medium and high positional noise, but the final 112-neighbor covariance can still be tilted by curvature or asymmetric density. The measured all-pass k=96 probe improved clean, low-noise, stripe, and gradient conditions while losing substantial noise accuracy. This parameter change therefore keeps the provisional fit and first robust refinement at 224 and 112 neighbors, respectively, and truncates only the final, already-corrected Cauchy fit to 96 neighbors while retaining the 112th-neighbor Gaussian bandwidth. Clean, low, stripe, and gradient should improve through a more query-local final tangent; medium and high may regress from reduced final covariance support, but less than when both refinements used 96 points. The cost is lower final-pass work and one global support parameter. Ablate by setting the final support back to 112, exactly recovering the frontier estimator.	original
44	75a841ddeb4e7966e8978f985de5ff3ad3b273ea	17.97892	15.090036	1.243	80.3	keep			low	Use Gaussian-distance-weighted medians for residual location and MAD scale in both Cauchy refinements	The robust covariance is spatially localized by Gaussian weights, but its residual median and MAD currently give distant boundary samples the same influence as query-local samples. Computing weighted medians with the fixed Gaussian distance weights makes the Cauchy scale estimate consistent with the local fitting objective: the weighted median minimizes the corresponding weighted absolute-deviation loss, and its weighted MAD describes residual spread near the query rather than across the whole truncated patch. Clean, low-noise, stripe, and gradient conditions should improve through reduced curvature and density bias; medium and high noise may regress if the more local scale is smaller and rejects valid noisy samples. The cost is two deterministic row-wise sorts per refinement. Ablate by replacing both weighted medians with ordinary medians, exactly recovering the frontier estimator.	original
45	07c6fd9c3aa89d5a925f97568efd56e15d2803de	17.915474	15.040824	1.281	92.7	discard			low	Center first-pass Cauchy residuals on their Gaussian-weighted median	The retained provisional normal is fitted on 224 neighbors, so curvature or asymmetric density can displace its broad plane offset from the local 112-neighbor surface sheet even when its direction is stable. In only the first robust refinement, use e_i - weighted_median(e) in the Cauchy factor; this translates the provisional plane to the robust query-local residual location before classifying leverage. The second refinement remains zero-centered because its plane has already been refitted about a local robust centroid. Clean, low-noise, stripe, and gradient conditions should improve through reduced broad-neighborhood offset bias; medium and high noise may regress if the local median is less stable than the broad offset. The weighted median is already computed for MAD, so the cost is one subtraction and no new sort or eigendecomposition. Ablate by using the uncentered first-pass residuals, exactly recovering the current estimator.	original
46	642cb38fef3e60e3785e256047d13d14824e3023	17.929403		1.265	81.1	discard			low	Center second-pass Cauchy residuals on their Gaussian-weighted median	Even after one robust covariance refit, curvature or asymmetric density can leave the fixed Gaussian-weighted residual distribution offset from zero because the fitted centroid is a weighted mean rather than a robust location. In only the second refinement, replace e_i by e_i - weighted_median(e) in the Cauchy factor, so final leverage is measured around the query-local surface sheet while the first refinement and its stable broad-plane classification remain unchanged. The prior first-pass-only probe improved every development condition, providing evidence that this local residual location is meaningful, but was not retained; this experiment independently tests the remaining pass. Clean, low-noise, stripe, and gradient conditions should improve through reduced curvature and neighborhood bias, while medium and high noise may regress if the local weighted median is unstable. The median is already computed for MAD, so the cost is one subtraction and a pass index, with no new sort or eigendecomposition. Ablate by using the uncentered second-pass residuals, exactly recovering the frontier estimator.	original
47	b4fab5a8463b0960402d806a684b70f5ba746000	17.889097	15.016975	1.311	92.6	keep			low	Center both Cauchy refinement losses on the Gaussian-weighted residual median	Curvature, asymmetric density, and the broad provisional fit can offset the local residual sheet from zero, causing a zero-centered Cauchy loss to downweight valid surface samples asymmetrically. In both retained refinements, use u_i = (e_i - weighted_median(e)) / (c sigma) rather than e_i / (c sigma), making the robust loss location consistent with the Gaussian-weighted median already used to compute MAD. The separate first-pass-only and second-pass-only probes each improved clean, low, medium, high, stripe, and gradient development conditions, so applying the same location mechanism consistently in both passes should combine those reductions in neighborhood bias; medium and high noise could regress if their local weighted medians are unstable. The median is already computed, so the cost is two subtractions and no new sort or eigendecomposition. Ablate by removing the median subtraction in both passes, exactly recovering the frontier estimator.	original
48	b01769430adf0874471f4012b04a66a1c9a6f5cf	17.841476		1.285	83.4	discard			baseline	Narrow only the robust-refinement Gaussian bandwidth from the 112th- to the 96th-neighbor radius while retaining 112-point support	The final robust covariances can still be tilted by curvature or asymmetric density because their Gaussian kernel has substantial leverage across the full 112-neighbor patch. Prior k=96 experiments changed support and bandwidth together, while a final-support-only probe retained the broad bandwidth; this complementary parameter change isolates spatial tapering by normalizing both refinement kernels with the 96th-neighbor radius but retaining neighbors 97 through 112 as a decaying tail. Clean, low-noise, stripe, and gradient conditions should improve through greater query locality; medium and high noise may regress because tighter weights reduce effective averaging support, although retaining all 112 samples should make that loss smaller than hard truncation. The cost is one local Gaussian weight computation with unchanged covariance and eigendecomposition counts. Ablate by restoring the 112th-neighbor refinement bandwidth, exactly recovering the frontier estimator.	original
49	75d844833b728a5f0e95b3dbf44c8d4f32340e0f	17.93498		1.299	97.6	discard			baseline	Widen only the robust-refinement Gaussian bandwidth from the 112th- to the 128th-neighbor radius while retaining 112-point support	The retained robust refinements still have limited effective covariance support under medium and high positional noise because their Gaussian kernel is normalized by the outermost retained neighbor, giving boundary samples weight exp(-2). The measured 96th-neighbor bandwidth probe improved clean, low-noise, stripe, and gradient conditions but worsened medium and high noise, so this complementary parameter probe tests the opposite side of that measured locality-versus-averaging trade-off. Normalizing both refinement kernels by the 128th-neighbor radius raises all retained off-center weights without admitting any additional points; medium and high noise should improve through more uniform averaging, while clean, low-noise, stripe, and gradient may regress because boundary curvature or density bias gains leverage. The cost is only one bandwidth lookup with unchanged support, covariance, sorting, and eigendecomposition counts. Ablate by restoring the 112th-neighbor refinement bandwidth, exactly recovering the frontier estimator.	original
50	6d453cd1842b6393480473af0c0f83c922e17462					crash	development.prediction	command exited with status 1	medium	Add a Gaussian- and Cauchy-weighted quadratic jet refinement in the final robust PCA frame	A plane fitted across a curved or asymmetrically sampled patch can tilt because it must absorb second-order surface variation into one constant normal. After the retained robust PCA, this change expresses query-relative neighbors in its normalized local frame and fits z = c0 + c1 x + c2 y + c3 x^2 + c4 xy + c5 y^2 with the final robust weights; the query normal is proportional to n - c1 t1 - c2 t2, while the quadratic terms absorb curvature. Clean, low-noise, stripe, and gradient conditions should improve through lower curvature and neighborhood bias; medium and high noise may regress because estimating six coefficients has higher variance than PCA. The cost is one regularized 6-by-6 solve per query. Ablate by returning the final robust-PCA normal before the polynomial fit, exactly recovering the current frontier.	https://doi.org/10.1016/j.cagd.2004.09.008
51	9aaa9029b66d762b2d09bc4507d160325e99d24c	17.852589		1.284	80.5	discard			baseline	Tighten the final Cauchy refinement cutoff from 1.5 to 1.25 weighted-MAD sigmas	The retained Gaussian-weighted residual median and MAD make the final robust scale more query-local, but residuals from curvature, asymmetric density, or sparse outliers can still retain moderate leverage at the 1.5-sigma cutoff. Tightening only the second Cauchy refinement to 1.25 sigma tests the midpoint between the retained 1.5 setting and the previously overstrict 1.0 anchor, after the first 2.5-sigma pass has stabilized the plane. Clean, low-noise, stripe, and gradient conditions should improve through lower neighborhood bias; medium and high noise may regress because valid noisy samples receive less effective covariance support. The change is one global scalar with no added computation. Ablate by restoring the final cutoff to 1.5 while leaving the first cutoff and weighted location-scale estimates unchanged.	original
52	3aaab24aa05ffd13055abe844968fd3eb7c80917	17.971906		1.276	82.2	discard			baseline	Relax only the first Cauchy refinement cutoff from 2.5 to 3.0 weighted-MAD sigmas	The 224-neighbor provisional plane and Gaussian-weighted residual location-scale estimate make the first residual classification comparatively stable, but its 2.5-sigma Cauchy cutoff can still suppress widespread positional-noise samples before the final fit. Raising only the first cutoff to 3.0 retains more effective covariance support in that intermediate refinement, while the unchanged 1.5-sigma second pass still limits curvature-, density-, and outlier-induced leverage after the plane has been corrected. Medium and high noise should improve; clean, low-noise, stripe, and gradient conditions may regress if moderate geometric residuals tilt the intermediate plane. This changes one global scalar with no added computation. Ablate by restoring the first cutoff to 2.5 while retaining the final cutoff and all weighted location-scale computations.	original
53	1ee61deeea47e7c0017d024e6681b53985363c40	17.834106		1.389	86.3	provisional			baseline	Extend only the final robust PCA refinement from 112 to 128 neighbors	The final 112-neighbor covariance remains sample-limited under medium and high positional noise, while extending broad support throughout both robust passes previously introduced excessive curvature bias. After the first Cauchy refinement has corrected the provisional plane, admit neighbors 113 through 128 only in the final fit, retaining the 112th-neighbor Gaussian bandwidth so they form a decaying tail rather than broadening the kernel. Medium and high noise should improve through additional covariance averaging; clean, low-noise, stripe, and gradient conditions may regress if residual curvature or density bias survives Cauchy downweighting. The cost is 16 extra samples in only the final weighted-median and covariance calculations, with no additional eigendecomposition. Ablate by setting the final refinement support back to 112, exactly recovering the frontier estimator.	original
54	bbd944b5653479d90defb11a61d75dbbb8e68be6	17.763026		1.534	88.7	provisional			baseline	Extend only the final robust PCA refinement from 128 to 160 neighbors	The provisional 224-neighbor fit stabilizes the normal under positional noise, but the final 128-neighbor covariance can remain sample-limited. The retained move from 112 to 128 neighbors improved medium and high noise with only modest clean-geometry losses, so 160 is the next scale anchor: after the first robust correction, neighbors 129 through 160 enter only the final covariance, while the fixed 112th-neighbor Gaussian bandwidth makes them a rapidly decaying tail and Cauchy weights limit residual outliers. Medium and high noise should improve through additional averaging; clean, low-noise, stripe, and gradient conditions may regress through curvature or density bias. The cost is 32 extra samples in the final weighted-median and covariance calculations, with no extra eigendecomposition. Ablate by restoring final support to 128, exactly recovering the current frontier.	original
55	35c9e2ebab9451c8cba919fd87ac334dc08f6306	17.763026		1.48	88.8	discard			baseline	Extend only the final robust PCA refinement from 160 to 224 neighbors	The retained progression from 112 to 128 to 160 final-fit neighbors consistently improved medium- and high-noise conditions, indicating that the final covariance remains sample-limited despite the stabilized provisional normal. This parameter probe reaches the existing 224-neighbor scale anchor only after the first robust correction; neighbors 161 through 224 enter the final fit with the bandwidth still fixed by the 112th-neighbor radius, so their Gaussian weights form a rapidly decaying tail and Cauchy weights further limit large point-to-plane residuals. Medium and high noise should improve through additional covariance averaging, while clean, low-noise, stripe, and gradient conditions may regress through residual curvature or density bias. The cost is 64 extra samples in only the final weighted-median and covariance calculations, with no additional eigendecomposition. Ablate by restoring final support to 160, exactly recovering the current frontier estimator.	original
56	9691cb022270472e6512be18e41528edf321c74e	17.786708		1.521	103.9	discard			baseline	Widen only the 160-neighbor final-refinement Gaussian bandwidth from the 112th- to the 128th-neighbor radius	Extending the final robust fit from 128 to 160 neighbors improved medium and high noise, but the retained 112th-neighbor bandwidth gives the added tail very small Gaussian weights; extending support to 224 then made no measurable difference, indicating that bandwidth rather than available support now limits noise averaging. In only the final 160-neighbor fit, normalize distances by the 128th-neighbor radius, while the provisional fit and first 112-neighbor refinement remain unchanged. This gives neighbors 113 through 160 meaningful covariance weight after the plane has been robustly corrected. Medium and high noise should improve through greater effective sample support; clean, low-noise, stripe, and gradient conditions may regress because curved or density-biased outer samples gain leverage. The cost is one alternate bandwidth lookup and recomputing the existing final Gaussian weights, with no extra samples or eigendecomposition. Ablate by restoring the final bandwidth to the 112th-neighbor radius, exactly recovering the current frontier estimator.	original
57	c0ec4c0363e69d87dc92743b9995badfa228cfa4	17.775111		1.506	91.0	discard			baseline	Widen only the final-refinement Gaussian bandwidth from the 112th- to the 120th-neighbor radius	The retained 160-neighbor final covariance improves medium and high noise, but its Gaussian kernel is still normalized by the 112th-neighbor radius, leaving limited effective support. Widening all the way to the measured 128th-neighbor radius improved those noisy conditions but gave curved and density-biased outer samples enough leverage to worsen clean, low-noise, stripe, and gradient accuracy. The untested 120th-neighbor radius is a midpoint parameter probe: it moderately increases final-pass noise averaging after the first robust correction while Cauchy weights continue to bound normal-residual outliers. Medium and high noise should improve; clean, low-noise, stripe, and gradient may regress through increased neighborhood bias, but less than with the 128th-neighbor bandwidth. The cost is one alternate bandwidth lookup and recomputation of existing final distance weights, with no new samples or eigendecomposition. Ablate by restoring the final bandwidth to the 112th-neighbor radius while leaving 160-point support and all robust settings unchanged.	original
58						crash	quality.ruff-fix	Ruff exited with status 1	baseline	Narrow only the 160-neighbor final-refinement Gaussian bandwidth from the 112th- to the 104th-neighbor radius	The retained 160-neighbor final covariance improves medium and high noise through a decaying sample tail, but its 112th-neighbor bandwidth also gives curved or density-biased outer samples enough leverage to worsen clean, low-noise, stripe, and gradient accuracy. The earlier 96th-neighbor refinement bandwidth improved those four geometry-sensitive conditions but lost noise accuracy, so the untested 104th-neighbor radius is the midpoint scale probe between 96 and 112: it makes the final covariance more query-local while preserving all 160 samples and the Cauchy rejection of normal-residual outliers. Clean, low-noise, stripe, and gradient conditions should improve; medium and high noise may regress because the effective averaging support shrinks. The cost is one recomputed final-pass Gaussian weight vector with no new samples or eigendecomposition. Ablate by restoring the final bandwidth to the 112th-neighbor radius while leaving support and robust settings unchanged.	original
59	9b800e7a9d822dfa7ae6bbbb1d6c76997e43a029	17.749612		1.504	100.8	discard			baseline	Narrow only the 160-neighbor final-refinement Gaussian bandwidth from the 112th- to the 104th-neighbor radius	The retained 160-neighbor final covariance improves medium and high noise through a decaying sample tail, but its 112th-neighbor bandwidth gives curved or density-biased outer samples enough leverage to worsen clean, low-noise, stripe, and gradient accuracy. The earlier 96th-neighbor refinement bandwidth improved those four geometry-sensitive conditions but lost noise accuracy, so the 104th-neighbor radius is the unmeasured midpoint between 96 and 112; iteration 58 failed at linting and therefore did not test the hypothesis. Recomputing only the final Gaussian weights with this radius makes the final covariance more query-local while retaining all 160 samples and Cauchy rejection. Clean, low, stripe, and gradient should improve; medium and high may regress as effective averaging support shrinks. The cost is one recomputed final weight vector and no new samples or eigendecomposition. Ablate by restoring the final bandwidth to the 112th-neighbor radius with all support and robust settings unchanged.	original
60	32047be7586e67a336063a8c19bd6b0470a2feb3	17.756779		1.49	93.9	discard			baseline	Narrow only the 160-neighbor final-refinement Gaussian bandwidth from the 112th- to the 108th-neighbor radius	The final 160-neighbor covariance needs broad support to average positional noise, but its 112th-neighbor Gaussian bandwidth gives curved or density-biased outer samples enough leverage to tilt the tangent. Narrowing to the measured 104th-neighbor radius improved clean, low-noise, stripe, and gradient conditions but regressed medium and high noise; 108 is the untested midpoint between that anchor and the retained 112 radius. Recomputing only the final Gaussian weights with the 108th-neighbor radius should recover part of the geometry-sensitive gain while sacrificing less noise averaging than 104. Medium and high noise may still regress slightly. The cost is one recomputed final weight vector with no new samples or eigendecomposition. Ablate by restoring the final bandwidth to the 112th-neighbor radius while retaining 160-point support and every robust-fit setting.	original
61	4cee2a9d92afb79d2a249e906c080d1b3f2381fc	17.733021		1.531	90.8	discard			baseline	Narrow only the 160-neighbor final-refinement Gaussian bandwidth from the 112th- to the 96th-neighbor radius	The final 160-neighbor covariance improves positional-noise averaging, but its 112th-neighbor Gaussian bandwidth gives curved or density-biased outer samples enough leverage to tilt the tangent. The measured 104th- and 108th-neighbor final-bandwidth probes improved clean, low-noise, stripe, and gradient conditions, with the stronger 104 setting producing the larger geometry-sensitive gains; 96 is the next untested final-pass locality anchor. Recomputing only the final distance weights as exp(-2 d^2 / r_96^2) retains all 160 samples as a decaying tail and leaves the broad initialization and first robust correction unchanged. Clean, low-noise, stripe, and gradient conditions should improve; medium and high noise may regress because tighter weights reduce effective averaging support. The cost is one final weight-vector computation with no new samples or eigendecomposition. Ablate by setting the final bandwidth count back to 112 while retaining 160-point support and every robust-fit setting.	original
62	bcaf7249ed96201c6d31cb2853a2eb6cadf6c95a	17.797892		1.462	105.4	discard			baseline	Reduce only the final robust PCA refinement from 160 to 144 neighbors	The retained progression from 112 to 128 to 160 final-fit neighbors improved medium and high noise through covariance averaging, but each support increase also worsened clean, low-noise, stripe, and gradient conditions through curvature and density bias. A 144-neighbor final support is the untested midpoint between the measured 128 and 160 anchors: after the first robust correction, neighbors 113 through 144 retain the fixed 112th-neighbor Gaussian bandwidth and Cauchy rejection, while the least local 16 samples are removed. Clean, low-noise, stripe, and gradient conditions should improve; medium and high noise may regress slightly because of reduced averaging. The change lowers final weighted-median and covariance work without adding a mechanism. Ablate by restoring final support to 160, exactly recovering the current frontier estimator.	original
63	16cfd28047eed9b8cff69c136734e47829f46132	17.778734		1.45	88.1	discard			baseline	Reduce only the final robust PCA refinement from 160 to 152 neighbors	The retained 160-neighbor final covariance improves medium- and high-noise averaging, but its outer tail can still introduce curvature and density bias on clean, low-noise, stripe, and gradient patches. The measured 144-neighbor probe removed too much support and substantially regressed both noisy conditions, so 152 is the untested midpoint between 144 and 160: after the first robust correction, it removes only the least local eight samples while retaining the fixed 112th-neighbor Gaussian bandwidth and Cauchy rejection. Clean, low-noise, stripe, and gradient conditions should improve modestly; medium and high noise may regress, but less than at 144. The change slightly reduces final weighted-median and covariance work and adds no mechanism. Ablate by restoring final support to 160 with every other setting unchanged.	original
64	43dd6f8568d877c80ed6fd14c672e7dc0b4ec4d6	17.739042		1.328	86.7	discard			low	Estimate the final-pass robust residual location and scale from the core 112-neighbor patch while retaining 160-neighbor covariance support	The final 160-neighbor tail improves medium- and high-noise averaging, but allowing those outer samples to set the weighted residual median and MAD can inflate or shift the Cauchy loss under curvature or density variation, increasing their own leverage. In the final refinement, estimate m and sigma = 1.4826 weighted_median(|e-m|) from the query-local 112-neighbor core, then apply 1 / (1 + ((e-m)/(1.5 sigma))^2) to all 160 residuals. This preserves the measured noise benefit of broad covariance support while making its robust reference distribution local. Clean, low-noise, stripe, and gradient conditions should improve; medium and high noise may regress if the core scale is less stable and excessively rejects valid tail samples. The cost is only slicing existing arrays, with unchanged sorts, covariance size, and eigendecomposition count. Ablate by computing the final median and MAD from all 160 residuals, exactly recovering the frontier estimator.	original
65	553567f48aef67d6bc48b208edff9a39da588f7a	17.749163		1.384	90.3	discard			low	Estimate final-pass Cauchy location and scale from 128 core neighbors while retaining 160-neighbor covariance support	The final 160-neighbor tail improves medium- and high-noise averaging, but allowing every tail sample to define the weighted residual median and MAD can shift or inflate the robust reference distribution under curvature or density variation. The prior 112-core probe improved clean, low-noise, stripe, and gradient conditions but slightly regressed medium and high noise, so 128 is the next untested locality anchor between the overly local 112 core and the retained 160-point statistic. In the final refinement, compute m and sigma = 1.4826 weighted_median(|e-m|) from the nearest 128 residuals, then apply the resulting Cauchy weights to all 160 covariance samples. Clean, low, stripe, and gradient should improve through reduced tail bias; medium and high may regress slightly if the smaller statistic set rejects valid noisy tail samples. The cost is only array slicing. Ablate by setting the statistic count to 160, exactly recovering the frontier estimator.	original
66	4722bdc364df6b13b1e47413a59bcd0bdaca19a0	17.725096		1.314	86.8	discard			low	Estimate final-pass Cauchy location and scale from 96 core neighbors while retaining 160-neighbor covariance support	The final 160-neighbor Gaussian tail improves medium- and high-noise averaging, but outer samples affected by curvature or density variation can shift or inflate their own robust reference distribution. The 112- and 128-core probes both improved clean, low-noise, stripe, and gradient accuracy, with the more local 112 core giving larger geometry-sensitive gains; 96 is the next untested locality anchor. In the final refinement, compute m and sigma = 1.4826 weighted_median(|e-m|) from the nearest 96 residuals, then apply the resulting Cauchy weights to all 160 covariance samples. Clean, low, stripe, and gradient should improve through reduced tail bias; medium and high may regress because the smaller core gives a noisier scale and can reject valid tail samples. The cost is only array slicing, with unchanged covariance support and eigendecomposition count. Ablate by setting the statistic count to 160, exactly recovering the frontier estimator.	original
67	ba00b1bdf2b282395cccb046e45c9944e844b41d	17.707436	14.994009	1.274	101.9	discard			baseline	Estimate final-pass Cauchy location and scale from 80 core neighbors while retaining 160-neighbor covariance support	The final 160-neighbor Gaussian tail improves medium- and high-noise averaging, but curved or density-biased outer samples can shift and inflate the robust residual distribution that determines their own Cauchy leverage. The measured 128-, 112-, and 96-core probes all improved clean, low-noise, stripe, and gradient conditions, with the 96-core anchor giving the largest geometry-sensitive and aggregate development gains; 80 is the next untested locality anchor. In the final refinement, compute the Gaussian-weighted residual median m and scale 1.4826 weighted_median(|e-m|) from the nearest 80 samples, then apply the resulting Cauchy weights to all 160 covariance samples. Clean, low-noise, stripe, and gradient should improve through lower curvature and neighborhood bias; medium and high noise may regress because the smaller core gives a noisier scale and can reject valid tail samples. The cost is only slicing existing arrays, with unchanged covariance support and eigendecomposition count. Ablate by setting the final statistic count to 160, exactly recovering the frontier estimator.	original
68						crash	quality.ruff-fix	Ruff exited with status 1	low	Shrink the final robust local normal 10% toward the sign-aligned broad provisional PCA normal	The retained 112-neighbor robust fit is query-local but remains variance-limited under medium and high positional noise, whereas the existing 224-neighbor provisional PCA averages noise more effectively but is biased by curvature and asymmetric density. After both robust refinements, return normalize(0.9 n_local + 0.1 sign(n_local dot n_broad) n_broad), a fixed two-scale shrinkage that transfers a small amount of broad-scale stability without allowing the broad fit to replace the local tangent. Medium and high noise should improve; clean, low-noise, stripe, and gradient conditions may regress slightly from broad-neighborhood bias. The cost is one dot product, vector blend, and normalization per query. Ablate by setting the blend coefficient to zero, exactly recovering the retained estimator.	original
69	9a09dc05202e1f903bbe1cf361c4721dba18bb2e	17.866365		1.256	80.5	discard			low	Blend 10% of the sign-aligned 224-neighbor provisional PCA normal into the final local robust normal	The final 112-neighbor robust tangent is query-local but variance-limited under medium and high positional noise, while the existing 224-neighbor provisional PCA normal averages noise over more samples but carries curvature and density bias. Return the normalized vector 0.9 n_local + 0.1 sign(n_local dot n_broad) n_broad, transferring a small fixed amount of broad-scale stability without allowing the broad estimate to replace the robust tangent. Medium and high noise should improve; clean, low-noise, stripe, and gradient conditions may regress slightly because of broad-neighborhood bias. The cost is one batched dot product, blend, and normalization. Ablate independently by setting the blend coefficient to zero, exactly recovering the frontier estimator.	original
70	d84a52920d1715a5e1c0063c25880de5f7749871	17.910922		1.326	85.5	discard			low	Use an area-preserving anisotropic Gaussian kernel for both robust local PCA refinements	A circular query-distance kernel can cross a narrow feature or undersampled tangent direction when the local surface support is elongated, letting curvature or directional density bias tilt the fitted plane. The broad provisional PCA supplies tangent variances lambda_1 and lambda_2; this change measures refinement distance with d_A^2 = z^2 + sqrt(lambda_1 lambda_2) (x^2 / lambda_1 + y^2 / lambda_2). The tangent metric has determinant one, exactly reduces to Euclidean distance for isotropic support, and narrows the kernel across the short patch direction while preserving support along its long direction. Clean, low-noise, stripe, and gradient conditions should improve through reduced neighborhood bias; medium and high noise may regress if anisotropy lowers effective support or is estimated unreliably. The cost is one projection and anisotropic weight vector per query, with no additional eigendecomposition. Ablate by replacing d_A^2 with the cached Euclidean squared distance, exactly recovering the frontier refinement kernel.	original
71						crash	quality.ruff-fix	Ruff exited with status 1	low	Apply the area-preserving anisotropic Gaussian kernel only in the final robust PCA refinement	The measured anisotropic-kernel probe reduced clean, low-noise, stripe, and gradient error but harmed medium and high noise when anisotropy was used in both robust passes, suggesting that an unreliable broad provisional frame corrupted the first refinement. This staged change keeps the first 112-neighbor Cauchy correction exactly isotropic, then computes the final kernel in that corrected PCA frame as d_A^2 = z^2 + sqrt(lambda_1 lambda_2)(x^2/lambda_1 + y^2/lambda_2). The determinant-one tangent metric narrows support across an elongated patch without changing its area, targeting curvature and directional density bias only after the normal has been robustly corrected. Clean, low, stripe, and gradient conditions should improve; medium and high noise may regress if the corrected tangent anisotropy remains unstable. The cost is one projection and weight-vector recomputation, with no extra eigendecomposition. Ablate by retaining the isotropic cached distance weights in the final pass, exactly recovering the frontier estimator.	original
72	1e62941c44cd482541a81ce969fa55686160a4cc	18.064942		1.302	88.8	discard			low	Apply an area-preserving anisotropic Gaussian kernel only in the final robust PCA refinement	A circular distance kernel can cross narrow features or overrepresent a densely sampled tangent direction, producing curvature and directional-density bias. The prior two-pass anisotropic probe improved clean, low-noise, stripe, and gradient conditions but regressed medium and high noise, suggesting that anisotropy from the broad provisional frame was unreliable; the final-only hypothesis previously failed at linting and was never measured. This change keeps the first robust correction isotropic, then uses its corrected PCA frame and tangent variances to measure d_A^2 = z^2 + sqrt(lambda_1 lambda_2)(x^2/lambda_1 + y^2/lambda_2) for the final Gaussian kernel. The determinant-one tangent metric narrows support across an elongated patch without changing kernel area. Clean, low-noise, stripe, and gradient conditions should improve; medium and high noise may regress if corrected-frame anisotropy still reduces effective support. The cost is one local projection and kernel recomputation, with no extra eigendecomposition. Ablate by retaining the isotropic distance weights in the final pass, exactly recovering the frontier estimator.	original
73	86ff2a9fee3332b97d9f05491127c5823fe7f2b7	17.812142	14.850593	1.272	80.5	keep			low	Replace Cauchy residual weights with matched Tukey-biweight rejection in both robust PCA refinements	The retained Cauchy loss bounds but never removes the leverage of points far from the local surface sheet, so sparse outliers, curvature from another sheet, or severe density-biased boundary samples can still tilt both robust covariances. Use Tukey weights w(u) = (1 - u^2)^2 for |u| < 1 and zero otherwise. Cutoffs 4.62 and 2.77 are chosen so each pass reaches half weight at approximately the same residual as the retained Cauchy cutoffs 2.5 and 1.5, isolating redescending rejection rather than arbitrarily tightening the loss. Clean, low-noise, stripe, and gradient conditions should improve through lower geometric leverage; medium and high noise may regress because widespread valid residuals can be rejected completely. The covariance and eigendecomposition counts are unchanged, with only a mask added. Ablate by restoring the Cauchy formula and cutoffs in both passes, exactly recovering the frontier estimator.	https://doi.org/10.1080/00401706.1974.10489171
74	b6e4653e7a80400977d89c8ed7dc6affc0ca481c	17.775517		1.296	89.6	discard			medium	Use Cauchy reweighting for the first robust PCA correction and Tukey rejection only for the final refinement	Applying redescending Tukey weights directly to residuals from the broad provisional plane improved clean, low-noise, stripe, and gradient accuracy but regressed medium and high noise, where an uncertain initial normal can classify valid samples beyond the cutoff and discard them completely. Keep the matched 2.5-sigma Cauchy loss in the first refinement so every sample retains bounded influence while the plane is corrected, then apply the retained 2.77-sigma Tukey biweight only to residuals from that corrected plane, where zeroing extreme residuals more reliably targets outliers, curvature, and density-biased boundary points. Medium and high noise should recover through greater first-pass support; clean, low-noise, stripe, and gradient may regress slightly if first-pass geometric leverage biases the corrected plane, but final redescending rejection should preserve part of the frontier gain. The fit count and asymptotic cost are unchanged. Ablate by replacing the first-pass Cauchy weights with the retained 4.62-sigma matched Tukey weights, exactly recovering the current frontier.	original
75	555dfc003adf9dbcedc57782a07208a2708cb27c	17.92221		1.325	80.5	discard			baseline	Relax only the first Tukey-biweight cutoff from 4.62 to 5.54 weighted-MAD sigmas	The retained redescending fit improves clean, low-noise, stripe, and gradient patches by eliminating extreme geometric leverage, but it regresses medium and high noise because residuals from the broad provisional plane are still uncertain and valid noisy samples can be rejected in the first refinement. Raising only the first Tukey cutoff from 4.62 to 5.54 moves its half-weight residual from about 2.5 to 3.0 scale sigmas and its zero-weight boundary from 4.62 to 5.54 sigmas, preserving more support while the plane is corrected; the final 2.77-sigma Tukey pass remains strict after that correction. Medium and high noise should improve, while clean, low, stripe, and gradient may regress slightly if curvature-, density-, or outlier-induced residuals gain first-pass leverage. This changes one scalar with no runtime or asymptotic cost. Ablate by restoring the first cutoff to 4.62 while leaving the final cutoff and all computations unchanged.	original
76	7ab1debba5109e131ad14daa081657e7d27c643c	17.907287		1.277	90.7	discard			baseline	Relax only the final Tukey-biweight cutoff from 2.77 to 3.69 weighted-MAD sigmas	The retained redescending fit improves clean, low-noise, stripe, and gradient patches, but its strict final Tukey pass can completely reject widespread valid residuals under medium and high positional noise even after the plane has been corrected. Raising only the final cutoff from 2.77 to 3.69 moves the half-weight residual from approximately 1.5 to 2.0 robust-scale sigmas while leaving the first-pass cutoff and zero-leverage property unchanged. Medium and high noise should improve through greater final covariance support; clean, low, stripe, and gradient conditions may regress because curvature-, density-, or outlier-induced residuals retain more leverage. This changes one scalar with no runtime or asymptotic cost. Ablate by restoring the final cutoff to 2.77 while leaving the first cutoff and all computations unchanged.	original
77	524ac98c2d9db6f0ca8de36ab82ecc31dfc8f262	17.772818		1.3	80.2	discard			baseline	Tighten only the final Tukey-biweight cutoff from 2.77 to 1.85 weighted-MAD sigmas	Residuals from the first redescending refinement are measured against a corrected local plane, so moderate curvature-, asymmetric-density-, and outlier-induced deviations can be rejected more confidently in the final covariance. The prior relaxation of this cutoff to 3.69 worsened every condition, motivating the untested opposite direction: 1.85 places Tukey's half-weight point at approximately one robust-scale sigma instead of 1.5 while leaving the first pass unchanged. Clean, low-noise, stripe, and gradient conditions should improve through lower geometric leverage; medium and high noise may regress if widespread valid residuals are removed, although the failed relaxation suggests extra support was not beneficial. This changes one scalar with no runtime or asymptotic cost. Ablate by restoring the final cutoff to 2.77 with every other computation unchanged.	original
78	db286f5bf819dbcbb49025d6f074cbef9dd586cc	17.781557		1.278	93.4	discard			baseline	Tighten only the final Tukey-biweight cutoff from 2.77 to 2.31 weighted-MAD sigmas	The final covariance can still be tilted by moderate curvature-, asymmetric-density-, or outlier-induced residuals after the first robust correction. Lowering only the final Tukey cutoff from 2.77 to 2.31 moves its zero-weight boundary inward and therefore removes moderate geometric leverage more aggressively while leaving initialization and the first refinement unchanged. The measured 1.85 cutoff improved clean, medium, high, and gradient conditions but regressed low noise and stripe, whereas relaxing to 3.69 worsened every condition; 2.31 is the untested midpoint intended to retain the strict cutoff's medium/high and geometry gains with less loss on low and stripe. This changes one scalar with no runtime or asymptotic cost. Ablate by restoring the final cutoff to 2.77 with every other computation unchanged.	original
79	c14adf67c0054f78192df94440cf582ceb2b502a	17.690178		1.282	87.8	provisional			baseline	Tighten only the first Tukey-biweight cutoff from 4.62 to 3.69 weighted-MAD sigmas	Residuals from the broad provisional PCA can contain curvature-, asymmetric-density-, and outlier-induced deviations that retain substantial leverage before the final robust fit. Lowering only the first Tukey cutoff from 4.62 to 3.69 moves its half-weight point from approximately 2.5 to 2.0 robust-scale sigmas, rejecting moderate geometric contamination earlier while leaving the retained final cutoff unchanged. The opposite first-pass relaxation to 5.54 worsened clean, medium, high, stripe, and gradient accuracy, so this tests the unmeasured stricter direction. Clean, stripe, and gradient conditions should improve through a less biased intermediate plane; low, medium, and high noise may regress if widespread valid residuals lose covariance support, with the low-noise risk specifically indicated by the prior relaxed-cutoff result. This changes one scalar with no runtime or asymptotic cost. Ablate by restoring the first cutoff to 4.62 with every other computation unchanged. The quadratic-jet batch item is deferred because its prior prediction crash has no precise diagnostic to address.	original
80	9a21687ca4f9177550200e631b1d692aef0a3e16	17.583765	14.805164	1.301	82.4	discard			baseline	Tighten the first Tukey-biweight cutoff from 3.69 to 2.77 weighted-MAD sigmas	The broad provisional PCA plane can still pass moderate curvature-, asymmetric-density-, and outlier-induced residuals into the first robust covariance, biasing the intermediate normal used by the final fit. Lowering only the first Tukey cutoff from 3.69 to 2.77 moves its half-weight point from approximately 2.0 to 1.5 robust-scale sigmas and makes both refinements use the same redescending loss, while leaving neighborhood support, Gaussian weighting, and the final cutoff unchanged. The measured tightening from 4.62 to 3.69 improved clean, medium, high, stripe, and gradient conditions, so those conditions should improve further if moderate geometric contamination is dominant; low noise may regress, as it did in that probe, if valid residuals are rejected. This parameter adds no runtime or asymptotic cost. Ablate by restoring only the first cutoff to 3.69, exactly recovering the current frontier estimator. The quadratic-jet batch item remains skipped because its prior prediction crash has no precise diagnostic to address.	original
81	527f382d8b25aa3816b32eac979665145b0f4db5	17.633485		1.311	86.9	provisional			baseline	Tighten only the first Tukey-biweight cutoff from 4.62 to 3.23 weighted-MAD sigmas	Residuals from the broad provisional PCA plane can contain curvature-, asymmetric-density-, and outlier-induced deviations that bias the first robust covariance before the final fit. Lowering only the first Tukey cutoff to 3.23 rejects moderate geometric contamination earlier while leaving the 2.77 final cutoff and every neighborhood choice unchanged. The measured 3.69 and 2.77 first-pass anchors both substantially improved medium and high noise, clean, and gradient accuracy over 4.62, but 2.77 added low-noise and stripe losses; 3.23 is the untested midpoint intended to preserve most noise and neighborhood-bias gains with less over-rejection. Medium and high noise, clean, and gradient should improve; low noise may regress and stripe may remain near neutral because valid residuals lose support. This changes one scalar with no runtime or asymptotic cost. Ablate by restoring the first cutoff to 4.62. The quadratic-jet batch item remains deferred because its prior prediction crash has no precise diagnostic to address.	original
82	a3f0d846de65873ba82f59aa7ac00771fc7edc7f	17.607057		1.31	80.4	discard			baseline	Tighten only the first Tukey-biweight cutoff from 3.23 to 3.0 weighted-MAD sigmas	Residuals from the broad provisional PCA plane can contain moderate curvature-, asymmetric-density-, and outlier-induced deviations that bias the first robust covariance before the final fit. Lowering only the first Tukey cutoff from 3.23 to 3.0 moves its redescending boundary inward while leaving the final 2.77 cutoff, neighborhoods, Gaussian kernel, and weighted scale estimate unchanged. The measured 3.23 and 2.77 anchors both improved clean, medium, high, and gradient accuracy over the original 4.62 cutoff, while 2.77 incurred larger low-noise and stripe losses; 3.0 is the untested midpoint intended to gain additional medium/high noise and neighborhood-bias rejection without all of that over-rejection. Clean, medium, high, and gradient should improve; low noise and stripe may regress as valid residuals lose support. This changes one scalar with no runtime or asymptotic cost. Ablate by restoring the first cutoff to 3.23. The quadratic-jet item remains deferred because its prior prediction crash has no precise diagnostic to address.	original
83	2cbe1d3be57d8f9bf37a5ec814bcf2db79acae6c	17.613678		1.263	94.1	discard			baseline	Tighten only the final Tukey-biweight cutoff from 2.77 to 2.54 weighted-MAD sigmas	After the first 3.23-sigma Tukey refinement has corrected the broad provisional plane, moderate residuals from curvature, asymmetric density, or sparse outliers can still tilt the final covariance. Lowering only the final redescending cutoff from 2.77 to 2.54 removes that geometric leverage slightly earlier while preserving the current neighborhoods, Gaussian kernel, weighted location-scale estimate, and first-pass rejection. The earlier 2.31 final-cutoff probe improved clean, medium, high, stripe, and gradient conditions but regressed low noise; 2.54 is the untested midpoint toward that anchor and should recover part of those five gains with less valid-sample rejection, while low noise may still regress. This changes one scalar with no runtime or asymptotic cost. Ablate by restoring the final cutoff to 2.77 with every other computation unchanged. The quadratic-jet batch item remains deferred because its prior prediction crash has no precise diagnostic to address.	original
84	29656be2b0124c8900d28c98b5e96b19e57cbe66	17.618118		1.262	80.3	discard			baseline	Tighten only the first Tukey-biweight cutoff from 3.23 to 3.1 weighted-MAD sigmas	Residuals from the broad provisional PCA plane can include moderate curvature-, asymmetric-density-, and outlier-induced deviations that bias the first robust covariance before the final fit. Lowering only the first Tukey cutoff from 3.23 to 3.1 moves its redescending boundary inward while leaving the final 2.77 cutoff, neighborhoods, Gaussian kernel, and weighted location-scale estimate unchanged. The measured 3.0 probe improved clean, medium, and high conditions but slightly regressed low noise, stripe, and gradient; 3.1 is a simple intermediate anchor intended to retain most of the geometric-bias and noise gains with less valid-sample rejection. Clean, medium, and high should improve; low and stripe may regress, and gradient should remain near neutral. This changes one scalar with no runtime or asymptotic cost. Ablate by restoring the first cutoff to 3.23 with every other computation unchanged. The quadratic-jet item remains deferred because its prior prediction crash has no precise diagnostic to address.	original
85	0a75aa24069f71ffdaf924bb4e651cdd0f8e8649	17.748073		1.245	80.2	discard			baseline	Reduce broad Tukey-PCA initialization support from 224 to 192 neighbors	The provisional PCA normal is computed from a 224-neighbor Gaussian tail before the two query-local Tukey refinements. Under curvature or asymmetric density, its least-local samples can tilt the provisional tangent and make the first redescending residual classification reject valid local surface points. Reducing only this initialization support to 192 is an untested intermediate anchor between the measured 160- and 224-neighbor staged initializations; the Gaussian bandwidth remains fixed by neighbor 112, and both 112-neighbor robust refinements remain unchanged. Clean, low-noise, stripe, and gradient conditions should improve through lower provisional neighborhood bias, while medium and high noise may regress because the initial covariance averages fewer samples. The change reduces initialization storage and covariance work without adding a mechanism. Ablate by restoring INITIAL_NEIGHBOR_COUNT to 224 with every other setting unchanged. The quadratic-jet batch item remains deferred because its earlier prediction failure has no precise diagnostic to address.	original
86	ae513c64b5912ce8f18aef618f733a03cd02e7b7	17.697872		1.285	95.0	discard			baseline	Reduce broad Tukey-PCA initialization support from 224 to 208 neighbors	The broad provisional PCA uses a 224-neighbor Gaussian tail, whose least-local samples can tilt the initial tangent under curvature or asymmetric density and thereby distort the first redescending residual classification. The measured 192-neighbor probe improved clean, low-noise, and gradient conditions but lost too much medium/high-noise averaging; 208 is the untested midpoint between 192 and 224. Reducing only initialization support to 208 keeps the bandwidth anchored at neighbor 112 and leaves both local Tukey refinements unchanged. Clean, low-noise, and gradient conditions should improve modestly through lower provisional neighborhood bias; stripe may be near neutral, while medium and high noise may regress slightly because the initial covariance averages fewer samples. The change reduces initialization work and adds no mechanism. Ablate by restoring INITIAL_NEIGHBOR_COUNT to 224 with every other setting fixed. The quadratic-jet batch item remains deferred because its prior prediction failure has no precise diagnostic to address.	original
87	24d2a09905206c732789f83b936ce3405d3711c0	17.660994		1.275	88.4	discard			baseline	Reduce broad Tukey-PCA initialization support from 224 to 216 neighbors	The 224-neighbor Gaussian tail stabilizes the provisional PCA normal under positional noise, but its least-local samples can add curvature and asymmetric-density bias before the first redescending residual classification. The measured 192- and 208-neighbor probes improved clean, low-noise, and gradient accuracy while progressively smaller support caused progressively larger medium/high-noise losses; 216 is the next untested midpoint between 208 and the retained 224 anchor. Reducing only initialization support to 216 keeps the Gaussian bandwidth fixed at neighbor 112 and leaves both 112-neighbor Tukey refinements unchanged. Clean, low-noise, and gradient conditions should improve modestly through lower provisional neighborhood bias; stripe may remain near neutral, while medium and high noise may regress slightly from reduced covariance averaging. The change removes eight initialization samples and adds no mechanism or asymptotic complexity. Ablate by restoring INITIAL_NEIGHBOR_COUNT to 224 with every other setting fixed. The quadratic-jet item remains deferred because its prior prediction failure has no precise diagnostic to address.	original
88	86a0b4e479fce0b1c262ee82abe93b93253a4131	17.645685		1.332	80.3	discard			baseline	Reduce broad Tukey-PCA initialization support from 224 to 220 neighbors	The broad provisional PCA uses a 224-neighbor Gaussian tail to stabilize its normal under positional noise, but the least-local samples can add curvature and asymmetric-density bias before the first redescending residual classification. The measured 192-, 208-, and 216-neighbor probes improved clean, low-noise, and gradient accuracy while increasingly reduced support caused increasingly large medium/high-noise losses; 220 is the next untested midpoint between 216 and the retained 224 anchor. Reducing only initialization support to 220 keeps the Gaussian bandwidth fixed at neighbor 112 and leaves both local Tukey refinements unchanged. Clean, low-noise, and gradient conditions should improve slightly through lower provisional neighborhood bias; stripe should remain near neutral, while medium and high noise may regress slightly from reduced covariance averaging. The change removes four initialization samples and adds no mechanism or asymptotic complexity. Ablate by restoring INITIAL_NEIGHBOR_COUNT to 224 with every other setting fixed.	original
89	b8de9eeb7f95a4f4266f0b8ed2aba2b904c7deb6	17.562944	14.80762	1.303	93.5	discard			baseline	Tighten only the first Tukey-biweight cutoff from 3.23 to 2.54 weighted-MAD sigmas	Residuals from the broad provisional PCA can contain moderate curvature-, asymmetric-density-, and outlier-induced deviations that bias the first robust covariance before the final local fit. Lowering only the first Tukey cutoff from 3.23 to 2.54 moves its redescending boundary inward, while leaving the final 2.77 cutoff, neighborhoods, Gaussian kernel, and weighted location-scale estimate unchanged. Measured tightening through 3.0 and 2.77 improved clean, medium, and high conditions, so 2.54 is the next untested strict anchor and should further reduce geometric leverage in those conditions; low noise and stripe may regress because valid residuals from an uncertain provisional plane can be rejected. This changes one scalar with no runtime or asymptotic cost. Ablate by restoring the first cutoff to 3.23 with every other computation unchanged. The quadratic-jet batch item remains deferred because its prior prediction failure has no precise diagnostic to address.	original
90	d03395e2fe3a89b67cfe503110f0b1750dd46c57	17.799541		1.275	81.0	discard			low	Leave the query sample out of the broad and robust weighted PCA covariances	When the cached neighborhood contains the query itself, its zero distance gives it the maximum Gaussian weight even though its positional-noise displacement is the error source shared by every query-relative offset. Masking that one sample produces a leave-one-out local plane from independent neighboring observations, reducing query-induced tangent tilt without changing the neighborhood radius, robust loss, or number of eigendecompositions. Medium and high noise should improve most; clean, low-noise, stripe, and gradient conditions may regress slightly because one exact on-surface sample and a small amount of effective support are removed. The cost is one deterministic index mask per patch. Ablate by retaining the query's Gaussian weight, exactly recovering the frontier estimator. The ordered quadratic-jet item remains deferred because its prior prediction crash has no precise diagnostic to address.	original
91	a8880b296490154ff2b78e6b7bc6384569dfe406	17.810594		1.28	81.0	discard			baseline	Give the query sample half Gaussian weight in all three weighted PCA fits	The query is normally its own zero-distance neighbor and therefore receives maximum Gaussian weight, even though its positional displacement is the noise source shared by all query-relative measurements. The measured leave-one-out probe improved low-noise, high-noise, and stripe conditions but slightly regressed clean, medium-noise, and gradient cases by removing one useful surface sample entirely. Multiplying only the query's spatial weight by 0.5 tests the intermediate bias-variance point: it should retain part of those noise and density gains while preserving more covariance support, with possible small regressions on clean, medium, and gradient conditions. The cost is one deterministic equality mask and multiplication per patch. Ablate by setting QUERY_WEIGHT to 1.0, exactly recovering the frontier estimator.	original
92	f3a11184a766ef3bea478febf87202807fed3e16	17.798905		1.278	82.0	discard			low	Leave the query sample out of only the broad provisional PCA initialization	The query is normally its own maximum-weight neighbor, so its positional displacement can tilt the broad provisional plane whose residuals drive redescending rejection. The measured all-pass leave-one-out probe improved low-noise, high-noise, and stripe conditions but lost clean, medium-noise, and gradient support; this change isolates that mechanism to the 224-neighbor initialization, while both 112-neighbor Tukey refinements retain the query. Low and high noise, and possibly stripe sampling, should improve through less query-induced residual misclassification; clean, medium, and gradient may regress slightly, but retaining the query in both final covariances should reduce the losses seen when all three fits excluded it. The cost is one deterministic index mask and a separate local weight normalization. Ablate by removing the initialization mask, exactly recovering the frontier estimator.	original
93	40a6f83b8bd12e683c316f781706627b21e099db	17.815099		1.282	87.1	discard			low	Leave the query sample out of only the final Tukey-PCA refinement	A cached neighborhood normally contains the query itself at zero distance, giving its positional error maximum Gaussian leverage in the final covariance. The all-pass leave-one-out probe improved low-noise, high-noise, and stripe conditions, while the initialization-only probe showed that removing the query before robust correction does not resolve the medium-noise trade-off. This change preserves the query's stabilizing support in the 224-neighbor initialization and first 112-neighbor refinement, then assigns it zero spatial weight only when estimating the final weighted residual median, MAD, centroid, and covariance. Low and high noise and stripe sampling should improve through less query-induced tangent anchoring; clean, medium, and gradient may regress slightly from losing one final surface sample. The cost is one deterministic equality mask and final-pass weight normalization. Ablate by retaining the query's final Gaussian weight, exactly recovering the frontier estimator.	original
94	4351028bbe54e2f645a8f15b2339d28409361d71	17.81062		1.322	81.5	discard			low	Leave the query sample out of only the first local Tukey-PCA refinement	The query is normally its own zero-distance neighbor and therefore has maximum Gaussian leverage, even though its positional displacement is the error source that can tilt the first query-local correction. Retain the query in the 224-neighbor initialization for a stable provisional normal, assign it zero spatial weight only in the first 112-neighbor Tukey fit so that the corrected plane is estimated from independent neighbors, then restore it in the final fit to recover covariance support. The all-pass and initialization-only leave-one-out probes improved low noise, high noise, and stripe sampling, while the final-only probe traded clean/stripe/gradient accuracy for noise gains; isolating the remaining first refinement should identify whether query-induced residual correction supplies those benefits without permanently discarding the sample. Low and high noise and stripe should improve; clean, medium, and gradient may regress if the omitted sample is useful support. The cost is one deterministic equality mask and one extra local weight normalization. Ablate by retaining the query's first-pass Gaussian weight, exactly recovering the frontier estimator.	original
95	9554a5786af50e73cc169904d72ba966525a823f	17.916047		1.279	80.8	discard			low	Use a rank-Gaussian kernel only for the broad provisional PCA initialization	The 224-neighbor provisional covariance currently weights samples by measured Euclidean distance, but positional noise perturbs those distances and can randomly suppress useful samples before Tukey refinement. On a locally two-dimensional surface, squared radius is approximately proportional to neighbor rank, so exp(-2 j / 111) preserves the intended Gaussian profile (weight exp(-2) at neighbor 112) while making its effective averaging support deterministic. Medium and high noise should improve through a more stable provisional normal, and gradient density may improve because local spacing no longer changes the weight profile; clean, low-noise, and stripe cases may regress because rank ignores genuine geometric distance variation and curvature. The two 112-neighbor refinements retain metric Gaussian weights, confining this low-cost mechanism to initialization. Ablate by restoring exp(-2 d_j^2 / d_112^2) for the provisional covariance.	original
96	ff2a9512d5bf1c8f4a4c3aa13856ce416d9bc68e	17.767349		1.262	80.7	discard			medium	Use final normal eigengap ambiguity to control shrinkage toward the broad provisional PCA normal	The 112-neighbor robust normal is query-local but variance-limited under positional noise, whereas the existing 224-neighbor provisional normal averages noise more effectively but carries curvature and density bias. A previous fixed 10% broad-normal blend substantially improved medium and high noise but regressed clean, low-noise, stripe, and gradient patches. This change makes that shrinkage confidence-dependent: after sign alignment, return normalize((1-a) n_local + a n_broad), where a = 0.1 clip(lambda_0/lambda_1, 0, 1) from the final robust covariance. A well-separated local normal has lambda_0/lambda_1 near zero and remains nearly unchanged; an ambiguous, noise-dominated normal borrows more broad-scale stability. Medium and high noise should improve, while clean, low, stripe, and gradient should regress less than under fixed blending; highly curved patches with a weak eigengap may still inherit broad-neighborhood bias. The cost is one eigenvalue ratio, vector blend, and normalization per query, with no new fit. Ablate by setting the maximum blend to zero, exactly recovering the retained estimator.	original
97	e9cafd5095c081f199f5466ce5edcaca04b935be	17.774723		1.269	93.5	discard			medium	Gate broad-normal shrinkage by both final eigengap ambiguity and cross-scale agreement	The robust 112-neighbor normal is query-local but variance-limited under positional noise, while the 224-neighbor provisional normal is more stable but can be biased by curvature or asymmetric density. The prior eigengap-only 10% blend improved medium and high noise but slightly regressed clean, low, stripe, and gradient conditions, so this change keeps its maximum correction fixed and adds an independent curvature guard: after sign alignment, alpha = 0.10 clip(lambda_0/lambda_1, 0, 1) (n_local dot n_broad)^2 and n = normalize((1-alpha)n_local + alpha n_broad). Local eigengap ambiguity requests noise averaging, while cross-scale disagreement suppresses borrowing when the broad tangent likely crosses changing geometry. Medium and high noise should improve; clean, low, stripe, and gradient should regress less than with eigengap-only shrinkage, though similarly biased scales may evade the guard. The cost is scalar confidence arithmetic and one vector blend, with no new fit. Ablate by setting the maximum blend to zero, exactly recovering the frontier estimator.	original
98	67cd42aa3fafdc373b06f2142da839b288f23913	17.773264		1.263	80.7	discard			medium	Apply 10% broad-normal shrinkage only when the final robust PCA eigengap is ambiguous	The local 112-neighbor Tukey-PCA normal is query-local but variance-limited under positional noise, whereas the 224-neighbor provisional normal averages noise more effectively but carries curvature and density bias. The prior smooth eigengap shrinkage improved medium and high noise but slightly regressed clean, low-noise, stripe, and gradient conditions because every patch borrowed some broad-scale bias. This change uses a hard confidence guard: after sign alignment, blend 10% of the broad normal only when the final covariance has lambda_0 / lambda_1 >= 0.5; a well-separated tangent remains exactly unchanged. Medium and high noise should improve on genuinely ambiguous patches, while clean, low, stripe, and gradient should regress less than with smooth shrinkage; curved patches with an ambiguous eigengap may still inherit broad-neighborhood bias. The cost is one eigenvalue ratio, threshold, vector blend, and normalization per query, with no new fit. Ablate by setting BROAD_NORMAL_BLEND to zero, exactly recovering the retained estimator.	original
99	db3677830056472db0c74e38e1ba1efbd13146c9	17.831596		1.281	81.1	discard			low	Shrink the final robust local covariance 10% toward the normalized broad provisional covariance	The final 112-neighbor Tukey covariance is query-local and outlier-resistant but remains sample-variance limited at medium and high positional noise, while the existing 224-neighbor provisional covariance averages more observations but carries curvature and density bias. Before only the final eigendecomposition, divide both scatter matrices by their traces and use C = 0.9 C_local + 0.1 C_broad. Trace normalization makes the blend dimensionless, and blending geometric second moments rather than finished normal vectors lets all three broad-scale principal directions regularize the noisy local tensor. Medium and high noise should improve; clean, low-noise, stripe, and gradient conditions may regress if broad curvature or density bias rotates the smallest eigendirection. The cost is constant-time 3-by-3 trace normalization and blending with no new neighborhood or eigendecomposition. Ablate by setting FINAL_COVARIANCE_SHRINKAGE to zero, which exactly restores the retained final covariance and normal. The ordered quadratic-jet item remains deferred because its prior prediction crash has no precise diagnostic to address.	original
100	f027eb519ec8cd01605d9849efadbb23bb783090	17.676831	14.848915	1.511	88.7	discard			baseline	Extend only the final Tukey-PCA refinement from 112 to 160 neighbors	The final 112-neighbor robust covariance remains sample-variance limited at medium and high positional noise, while broad support used before the local plane is corrected risks curvature and density bias. Keep the 224-neighbor provisional PCA and first 112-neighbor Tukey correction unchanged, then admit neighbors 113 through 160 only in the final fit. The Gaussian bandwidth remains the 112th-neighbor radius, so the added samples form a decaying tail, and the corrected-plane Tukey weights reject large normal residuals. Medium and high noise should improve through additional covariance averaging; clean, low-noise, stripe, and gradient conditions may regress if coherent curvature or density bias survives redescending rejection. The cost is 48 extra samples in only the final weighted-median and covariance calculations, with no additional eigendecomposition. Ablate by setting FINAL_NEIGHBOR_COUNT to 112, exactly recovering the retained estimator.	original
101	2f34c8eb31ef2e4997f159f866695ecb403dc91e	17.752443		1.431	100.2	provisional			baseline	Extend only the final Tukey-PCA refinement from 112 to 128 neighbors	The retained final 112-neighbor covariance is variance-limited at medium and high positional noise, while the measured 160-neighbor final-support probe improved both noisy conditions but introduced clean-geometry, stripe, and gradient bias. This parameter probe uses the untested intermediate 128-neighbor endpoint only after the first 112-neighbor Tukey correction. The bandwidth remains the 112th-neighbor radius, so neighbors 113 through 128 form a rapidly decaying Gaussian tail, and final redescending weights remove samples with large corrected-plane residuals. Medium and high noise should improve through additional covariance averaging; clean, low-noise, stripe, and gradient may regress through coherent curvature or density bias, but less than at 160. The cost is 16 extra samples in only the final weighted-median and covariance calculations, with no additional eigendecomposition. Ablate by setting FINAL_NEIGHBOR_COUNT to 112, exactly recovering the retained estimator.	original
102	5fda45744a61c14f43c8d99b89f1026a49e16cd1	17.711135		1.481	102.8	discard			baseline	Extend only the final Tukey-PCA refinement from 128 to 144 neighbors	The provisional 224-neighbor PCA stabilizes the normal under positional noise, but the final 128-neighbor robust covariance remains variance-limited. The measured 128-neighbor endpoint improved medium and high noise with smaller geometry losses than 160, so 144 is the untested midpoint: after the first 112-neighbor Tukey correction, neighbors 129 through 144 enter only the final covariance. The bandwidth remains fixed at the 112th-neighbor radius, making the added samples a decaying Gaussian tail, while redescending Tukey weights remove large corrected-plane residuals. Medium and high noise should improve through additional averaging; clean, low-noise, stripe, and gradient may regress through coherent curvature or density bias, but less than at 160. The cost is 16 extra samples in only the final weighted-median and covariance calculations, with no extra eigendecomposition. Ablate by restoring FINAL_NEIGHBOR_COUNT to 128, exactly recovering the current frontier estimator.	original
103	bf51a5034503930814090b354e3acf29e8b80a9f	17.731052		1.483	98.1	discard			baseline	Extend only the final Tukey-PCA refinement from 128 to 136 neighbors	The final 128-neighbor robust covariance remains variance-limited at medium and high positional noise, but extending it to 144 neighbors measured additional noise gains alongside clean-geometry and density-bias losses. This single midpoint probe admits neighbors 129 through 136 only after the first 112-neighbor Tukey correction. The Gaussian bandwidth remains fixed at the 112th-neighbor radius, so the added samples form a low-leverage decaying tail, while final redescending weights reject large corrected-plane residuals. Medium and high noise should improve through additional covariance averaging; clean, low-noise, stripe, and gradient conditions may regress through coherent curvature or density bias, but less than at 144. The cost is eight extra samples in only the final weighted-median and covariance calculations, with no extra eigendecomposition. Ablate by restoring FINAL_NEIGHBOR_COUNT to 128, exactly recovering the current frontier estimator.	original
104	fdfde4c9bc6f0a3ccb36f95678a1728a7c39a3e8	17.742641		1.451	98.3	discard			baseline	Narrow only the 128-neighbor final Tukey-PCA Gaussian bandwidth from the 112th- to the 104th-neighbor radius	The retained 128-neighbor final covariance improves medium- and high-noise averaging, but its 112th-neighbor Gaussian radius gives curved or density-biased outer samples enough leverage to cause measured clean, low-noise, stripe, and gradient regressions. Recompute only the final spatial weights as exp(-2 d^2 / r_104^2), retaining all 128 samples as a more strongly decaying tail and leaving the 224-neighbor initialization, first 112-neighbor Tukey correction, robust cutoffs, and fit count unchanged. Clean, low-noise, stripe, and gradient conditions should improve through lower neighborhood bias; medium and high noise may regress because the effective averaging support shrinks. The cost is one final weight-vector recomputation with no new samples or eigendecomposition. Ablate by setting FINAL_BANDWIDTH_COUNT back to 112. The ordered quadratic-jet item remains deferred because its prior prediction crash has no precise diagnostic to address, as required by the batch rule.	original
105	c8440a31e9959a8097b6b369ff2c990608e9179f	17.747725		1.437	106.6	discard			baseline	Narrow only the 128-neighbor final Tukey-PCA Gaussian bandwidth from the 112th- to the 108th-neighbor radius	The retained 128-neighbor final covariance improves medium- and high-noise averaging, but its 112th-neighbor Gaussian radius gives curved or density-biased outer samples enough leverage to regress clean, low-noise, stripe, and gradient accuracy. The measured 104th-neighbor radius recovered all four geometry-sensitive conditions but slightly worsened both noisy conditions, so 108 is the untested midpoint between that anchor and the retained 112 radius. Recomputing only the final spatial weights as exp(-2 d^2 / r_108^2) keeps all 128 samples as a decaying tail and should recover part of the curvature and neighborhood-bias gains with less loss of noise averaging than r_104. Clean, low, stripe, and gradient should improve; medium and high may regress slightly. The cost is one final weight-vector recomputation with no new samples or eigendecomposition. Ablate by setting FINAL_BANDWIDTH_COUNT back to 112 with every other setting unchanged. The ordered quadratic-jet item remains deferred because its prior prediction crash has no precise diagnostic to address.	original
106	816cdceadce255960f48254c3e3e3e8918c8d854	17.78095		1.429	95.4	discard			baseline	Reduce only the final Tukey-PCA refinement from 128 to 120 neighbors	Extending the final robust covariance from 112 to 128 neighbors improved medium- and high-noise accuracy through additional averaging, but measurably worsened clean, low-noise, stripe, and gradient conditions through curvature and density bias. Using 120 neighbors is the untested midpoint between those measured anchors: after the first 112-neighbor Tukey correction, only neighbors 113 through 120 enter the final covariance, with the bandwidth still fixed by the 112th-neighbor radius so they form a short decaying Gaussian tail. Clean, low-noise, stripe, and gradient conditions should improve by removing the least local eight samples; medium and high noise may regress slightly because of reduced covariance support. The change reduces final weighted-median and covariance work and adds no mechanism. Ablate by restoring FINAL_NEIGHBOR_COUNT to 128 with every other setting unchanged. The ordered quadratic-jet item remains deferred because its prior prediction crash has no precise diagnostic to address.	original
107	bd5fad39463780bc78561770040276a074ec165c	17.76706		1.437	110.8	discard			baseline	Reduce only the final Tukey-PCA refinement from 128 to 124 neighbors	The retained 128-neighbor final covariance improves medium- and high-noise accuracy through extra averaging, but its outer tail measurably increases curvature and density bias on clean, low-noise, stripe, and gradient patches. The measured 120-neighbor endpoint recovered all four geometry-sensitive conditions but removed enough support to regress both noisy conditions; 124 is the untested midpoint between those anchors. After the first 112-neighbor Tukey correction, neighbors 113 through 124 enter the final covariance with the bandwidth still fixed by the 112th-neighbor radius, so they remain a short Gaussian-decaying tail. Clean, low-noise, stripe, and gradient conditions should improve modestly through lower neighborhood bias; medium and high noise may regress slightly through reduced covariance averaging, but less than at 120. The change removes four samples from only the final weighted-median and covariance calculations and adds no mechanism. Ablate by restoring FINAL_NEIGHBOR_COUNT to 128 with every other setting unchanged. The ordered quadratic-jet item remains deferred because its prior prediction crash provides no precise diagnostic to address, as required by the batch strategy.	original
108	af785b593d79e788754be340f0441d63c13016f1	17.739822		1.384	96.0	discard			low	Estimate final Tukey residual location and scale from the 112-neighbor core while retaining 128-neighbor covariance support	The retained 128-neighbor final covariance improves medium- and high-noise averaging, but letting its outer Gaussian tail define the weighted residual median and MAD allows curved or density-biased tail samples to shift or inflate the robust reference distribution and thereby preserve their own leverage. In the final refinement, estimate the Tukey location m and scale 1.4826 weighted_median(|e-m|) from the nearest 112 residuals, then apply the resulting redescending weights to all 128 covariance samples. Clean, low-noise, stripe, and gradient conditions should improve through lower neighborhood bias; medium and high noise may regress if the smaller core yields a less stable scale and rejects valid noisy tail samples. The cost is only slicing existing arrays, with unchanged covariance support, sorting order, and eigendecomposition count. Ablate by setting FINAL_STATISTIC_COUNT to 128, exactly recovering the current frontier estimator. The ordered quadratic-jet item is skipped because its prior prediction crash has no precise diagnostic to address, as required by the batch strategy.	original
109	17df3c43ec218e66dfda870d34616efe47be4e4f	17.724675		1.359	96.1	discard			low	Estimate final Tukey residual location and scale from a 96-neighbor core while retaining 128-neighbor covariance support	The retained 128-neighbor final covariance improves medium- and high-noise averaging, but curved or density-biased tail samples can shift and inflate the robust residual distribution that controls their own Tukey leverage. The measured 112-core version improved every development condition, directly supporting stronger separation between robust-statistic locality and covariance support; using the nearest 96 residuals is the next untested locality anchor and matches a previously useful scale. Compute the Gaussian-weighted median m and MAD scale from that core, then apply the resulting redescending weights to all 128 samples. Clean, low-noise, stripe, and gradient conditions should improve through lower neighborhood bias; medium and high noise may also improve as at 112, but could regress if the smaller core makes scale estimation less stable. The cost is only array slicing, with unchanged covariance support and eigendecomposition count. Ablate by setting FINAL_STATISTIC_COUNT to 128, exactly recovering the current frontier estimator.	original
110	0c63783a7d4e6935ce45fa30196b03479c26afa3	17.706787		1.306	95.8	discard			low	Estimate final Tukey residual location and scale from an 80-neighbor core while retaining 128-neighbor covariance support	The retained 128-neighbor final covariance improves medium- and high-noise averaging, but curved or density-biased tail samples can shift and inflate the robust residual distribution that controls their own Tukey leverage. The measured 112- and 96-neighbor statistic cores improved every development condition, with the 96-core version giving larger clean, low-noise, stripe, and gradient gains, so 80 neighbors is the next untested locality anchor. Compute the Gaussian-weighted residual median m and MAD scale from the nearest 80 samples, then apply the resulting redescending weights to all 128 covariance samples. Clean, low-noise, stripe, and gradient should improve through lower neighborhood bias; medium and high noise may remain improved as at the two broader cores, but could regress if the smaller core makes scale estimation unstable. The cost is only array slicing with unchanged covariance support and eigendecomposition count. Ablate by setting FINAL_STATISTIC_COUNT to 128, exactly recovering the current frontier estimator.	original
111	ec660c723a45e368820b254e0948bda4d6c048b9	17.683331	14.779952	1.269	104.8	keep			low	Estimate final Tukey residual location and scale from a 64-neighbor core while retaining 128-neighbor covariance support	The 128-neighbor final covariance improves positional-noise averaging, but curved or density-biased tail samples can shift and inflate the robust residual distribution that controls their own Tukey leverage. The measured 112-, 96-, and 80-neighbor statistic cores improved every development condition, with increasingly local cores giving larger clean, low-noise, stripe, and gradient gains, so 64 neighbors is the next untested locality anchor. Compute the Gaussian-weighted residual median m and MAD scale from the nearest 64 samples, then apply the resulting redescending weights to all 128 covariance samples. Clean, low-noise, stripe, and gradient should improve through lower neighborhood bias; medium and high noise may remain improved as at the broader cores, but could regress if 64 samples make scale estimation unstable. The cost is only array slicing, with unchanged covariance support and eigendecomposition count. Ablate by setting FINAL_STATISTIC_COUNT to 128, exactly recovering the current frontier estimator.	original
112	fcdd215654144448371a2755bf23c2957f97002a	17.653775		1.245	96.8	discard			baseline	Estimate final Tukey residual location and scale from a 48-neighbor core while retaining 128-neighbor covariance support	The 128-neighbor final covariance supplies useful positional-noise averaging, but curved or density-biased outer samples can shift and inflate the robust residual distribution that controls their own Tukey leverage. The measured 112-, 96-, 80-, and 64-neighbor statistic cores improved every development condition, with increasingly local cores giving larger clean, low-noise, stripe, and gradient gains; 48 neighbors is the next untested scale anchor. Compute the Gaussian-weighted residual median m and MAD scale from the nearest 48 samples, then apply the resulting redescending weights to all 128 covariance samples. Clean, low-noise, stripe, and gradient should improve through lower neighborhood bias; medium and high noise may remain improved as at broader cores, but could regress if 48 samples make scale estimation unstable. The cost is only a smaller array slice, with unchanged covariance support and eigendecomposition count. Ablate by setting FINAL_STATISTIC_COUNT back to 64, exactly recovering the current frontier estimator.	original
113	ff67f75617af30a129220f853eb8e47e282c68ec	17.655119		1.295	96.9	discard			low	Estimate final Tukey residual location from 48 core neighbors while retaining the 64-neighbor scale estimate	Curvature or asymmetric density can offset the final residual sheet, so its robust center should be highly query-local; however, estimating MAD from the same small core can make the rejection scale noisy. The measured 48-neighbor joint location-scale probe improved every development condition but less than the retained 64-neighbor version, motivating this independent separation: compute m as the Gaussian-weighted median of the nearest 48 residuals, compute sigma = 1.4826 weighted_median(|e - m|) from the nearest 64, and apply the resulting Tukey weights to all 128 covariance samples. Clean, low-noise, stripe, and gradient conditions should improve through a more local center, while medium and high noise should retain the stabler 64-sample scale but may regress if the 48-sample location is noisy. The cost is one smaller median sort with unchanged covariance support and eigendecomposition count. Ablate by setting FINAL_LOCATION_COUNT back to 64, exactly recovering the frontier estimator.	original
114	717c1408dbb795d80d5f4e29b052e6b715125815	17.682077		1.274	110.2	discard			low	Estimate final Tukey residual scale from 48 core neighbors while retaining the 64-neighbor location estimate	Curvature and asymmetric density can inflate the final residual MAD when samples farther from the query define the rejection scale, but the prior 48-neighbor location-only probe showed that making the center equally local destabilizes high-noise patches. This complementary separation keeps the retained Gaussian-weighted residual median from 64 neighbors, computes sigma = 1.4826 weighted_median(|e - m_64|) from the nearest 48, and applies the resulting Tukey weights to all 128 covariance samples. The earlier joint 48-neighbor probe improved every development condition, while removing its local scale in the location-only probe specifically lost high-noise accuracy, so clean, low-noise, stripe, and gradient conditions should improve through less curvature-inflated leverage and medium/high noise may also improve; they could regress if 48 samples make MAD unstable. The cost is one smaller median slice with unchanged covariance support and eigendecomposition count. Ablate by setting FINAL_SCALE_COUNT back to 64, exactly recovering the frontier estimator.	original
115	aaa14167439bb3ca5e216dd3f4aea39c386072a7	17.946627		1.359	113.4	discard			low	Use corrected tangent-plane distance for the final robust PCA spatial kernel	Euclidean distance mixes lateral surface separation with normal-direction positional noise, so noisy samples can lose Gaussian weight even when they are laterally close and useful for tangent estimation. Keep the broad initialization and first Tukey correction unchanged, then project query-to-neighbor offsets onto the first corrected tangent and use exp(-2 ||P_T(p-q)||^2 / r_112^2) only for the final 128-neighbor fit; the final Tukey weights still reject large normal residuals. Medium and high noise should improve through greater effective covariance support, while clean, low-noise, stripe, and gradient conditions may regress if curvature or a still-inaccurate corrected normal makes geometrically distant points appear close. The cost is one projection and final kernel recomputation with no extra eigendecomposition. Ablate by using the cached Euclidean-distance Gaussian weights in the final pass, exactly recovering the frontier estimator. The ordered quadratic-jet item remains deferred because its prior prediction crash has no precise diagnostic to address; the earlier tangent-distance failure applied the kernel in both refinements from the provisional plane, whereas this independently tests it only after robust correction.	original
116	4827e6b23ec56e8021ac8b05633254a22568c419	17.632223		1.179	96.8	provisional			baseline	Estimate final Tukey residual location and scale from a 32-neighbor core while retaining 128-neighbor covariance support	The final 128-neighbor covariance provides useful positional-noise averaging, but curved or density-biased samples farther from the query can shift and inflate the robust residual distribution that controls their own Tukey leverage. Reducing only the final weighted-median and MAD core from 64 to 32 neighbors makes that reference distribution more query-local while leaving covariance support, Gaussian weighting, Tukey cutoffs, and all three eigendecompositions unchanged. The prior 48-neighbor probe still improved every development condition over the retained 64-neighbor estimator, but by less overall, so this next scale anchor tests whether additional curvature-bias reduction outweighs less stable robust statistics. Clean, stripe, and gradient conditions should improve if locality dominates; low, medium, and high noise may regress if 32 samples make location or scale estimation unstable. The cost is a smaller median sort and no added asymptotic complexity. Ablate by restoring FINAL_STATISTIC_COUNT to 64, exactly recovering the frontier estimator.	original
117	6af681697f75b1d1e4bad939678eea283febff1e	17.665592		1.18	96.8	discard			baseline	Estimate final Tukey residual location and scale from a 16-neighbor core while retaining 128-neighbor covariance support	The final 128-neighbor covariance provides positional-noise averaging, but curved or density-biased samples farther from the query can shift and inflate the robust residual distribution that controls their own Tukey leverage. Reducing only the final weighted-median and MAD core from 32 to 16 neighbors makes that reference distribution more query-local while leaving covariance support, Gaussian weighting, Tukey cutoffs, and all three eigendecompositions unchanged. The measured 32-neighbor probe improved every development condition over the validated 64-neighbor estimator, so 16 is the next untested scale anchor. Clean, stripe, and gradient conditions should improve if reduced neighborhood bias dominates; low, medium, and high noise may regress if 16 samples make location and scale estimates unstable. The cost is a smaller median sort with no added asymptotic complexity. Ablate by restoring FINAL_STATISTIC_COUNT to 32, exactly recovering the current provisional frontier. The ordered quadratic-jet item remains deferred because its prior prediction crash has no precise diagnostic to address, as required by the batch strategy.	original
118	b006c22df53ebe25030c4c2c11b3280fb8ed7e25	17.636826		1.184	96.8	discard			baseline	Estimate final Tukey residual location and scale from a 24-neighbor core while retaining 128-neighbor covariance support	Curved or density-biased samples far from the query can shift and inflate the robust residual distribution that controls their own Tukey leverage. The retained 32-neighbor statistic core improved all six development conditions over the validated 64-neighbor estimator, while the measured 16-neighbor core improved medium and high noise but regressed clean, low-noise, stripe, and gradient accuracy; 24 neighbors is the untested midpoint that localizes the weighted median and MAD without the full instability of 16 samples. Medium and high noise should improve through the more local rejection reference, while clean, low-noise, stripe, and gradient may regress modestly if the smaller robust-statistic sample is noisy. The cost is only a smaller median sort, with unchanged 128-neighbor covariance support and eigendecomposition count. Ablate by restoring FINAL_STATISTIC_COUNT to 32, exactly recovering the current frontier. The ordered quadratic-jet item remains deferred because its prior prediction failure has no precise diagnostic to address, as required by the batch strategy.	original
119	30d61b87c92be1e9b5cb787358465a6b13f51ac6	17.630768		1.239	104.8	discard			baseline	Estimate final Tukey residual location and scale from a 28-neighbor core while retaining 128-neighbor covariance support	The final 128-neighbor covariance averages positional noise, but curved or density-biased outer samples can shift and inflate the robust residual distribution that controls their own Tukey leverage. The retained 32-neighbor statistic core improved all six development conditions, while the measured 24-neighbor core improved medium and high noise but modestly regressed clean, low-noise, stripe, and gradient accuracy; 28 neighbors is the untested midpoint that may preserve some noise benefit without making the weighted median and MAD as unstable as at 24. Medium and high noise should improve, while clean, low-noise, stripe, and gradient may regress slightly. The cost is only a smaller median sort, with unchanged 128-neighbor covariance support and eigendecomposition count. Ablate by restoring FINAL_STATISTIC_COUNT to 32, exactly recovering the current frontier. The ordered quadratic-jet item remains deferred because its prior prediction failure has no precise diagnostic to address, as required by the batch strategy.	original
120	74523654af09c4f9bf9039a173333765d1aec8e4	17.630704		1.226	96.5	discard			baseline	Estimate final Tukey residual location and scale from a 30-neighbor core while retaining 128-neighbor covariance support	The final 128-neighbor covariance averages positional noise, but curved or density-biased outer samples can shift and inflate the robust residual distribution that determines their own Tukey leverage. The retained 32-neighbor core improved all six development conditions, while reducing it to 28 improved medium, high, and gradient but slightly regressed clean, low-noise, and stripe; 30 is the next untested midpoint. Computing the Gaussian-weighted residual median and MAD from 30 nearest samples should retain part of the medium/high-noise gain from a more query-local rejection reference, with smaller possible clean, low-noise, stripe, and gradient regressions than at 28. The cost is only a slightly smaller median sort, with unchanged 128-neighbor covariance support and three eigendecompositions. Ablate by restoring FINAL_STATISTIC_COUNT to 32, exactly recovering the current frontier.	original
121	0c301b97330c7b2b536027d1c3ac27ccd2bed373	17.624252		1.216	96.9	discard			low	Estimate final Tukey residual location from 32 neighbors and scale from 48 neighbors	The retained 32-neighbor statistic core makes the residual center query-local, reducing curvature and density bias, but using the same small core for MAD can make the rejection scale noisy. Keep the Gaussian-weighted residual median on the nearest 32 samples, estimate sigma = 1.4826 weighted_median(|e - m_32|) from the nearest 48, and apply Tukey weights to all 128 final-covariance samples. Low-, medium-, and high-noise conditions should improve through a stabler scale; clean, stripe, and gradient may regress if the broader scale reflects curvature and preserves biased tail samples. The cost is a 48-value scale sort instead of 32 values, with unchanged support and eigendecomposition count. Ablate by setting FINAL_SCALE_COUNT to 32, exactly recovering the frontier estimator.	original
122	894948dfb7913302206414fba60fad48ae296af7	17.623986		1.184	96.9	discard			low	Estimate final Tukey residual location from 24 neighbors while retaining the 32-neighbor scale estimate	The retained 32-neighbor weighted residual median and MAD balance query locality against statistical stability, but curvature or asymmetric density can still offset the residual center while the scale itself benefits from all 32 samples. The measured joint 24-neighbor location-scale probe improved medium and high noise but regressed clean, low-noise, stripe, and gradient conditions, so this independently separates those roles: compute the final residual median from 24 neighbors, compute MAD around that median from 32 neighbors, and apply the resulting Tukey weights to all 128 covariance samples. Medium and high noise should improve if their measured gain came from a more local residual center; clean, low-noise, stripe, and gradient may regress if the 24-sample location is unstable. The cost is a smaller location sort with unchanged covariance support and eigendecomposition count. Ablate by setting FINAL_LOCATION_COUNT to 32, exactly recovering the frontier estimator.	original
123	83ae5c635255b44a370449bd33ca965f477fa625	17.642633		1.179	99.4	discard			baseline	Estimate final Tukey residual location from 32 neighbors and scale from 24 neighbors	The retained 32-neighbor residual median is query-local, but estimating MAD over the same radius can let curvature or asymmetric density inflate the rejection scale and preserve biased outer samples. Keep the final residual location fixed at its retained 32-neighbor weighted median, estimate sigma = 1.4826 weighted_median(|e - m_32|) from only the nearest 24 samples, and apply the resulting Tukey weights to all 128 covariance samples. The joint 24-neighbor probe improved medium and high noise while the 24-neighbor location-only probe lost high-noise accuracy, so isolating the more local scale should test whether it supplies that noise gain without destabilizing the center. Medium and high noise should improve; clean, low-noise, stripe, and gradient may regress if the 24-sample MAD is noisy or too small. The cost is a smaller scale sort with unchanged covariance support and eigendecomposition count. Ablate by restoring FINAL_SCALE_COUNT to 32, exactly recovering the frontier estimator.	original
124	8883a5187798a39b4aef1825f24a5eeb626c556e	17.539547	14.705215	1.09	97.3	keep			baseline	Estimate first-pass Tukey residual location and scale from a 64-neighbor core while retaining 112-neighbor covariance support	The first robust refinement currently lets all 112 residuals define their own weighted median and MAD, so curved or density-biased outer samples can shift or inflate the rejection reference before the local plane is corrected. Compute the first-pass Gaussian-weighted residual median and MAD from the nearest 64 samples, then apply the resulting Tukey weights to all 112 covariance samples; mathematically this separates the locality of the robust reference distribution from the support used for noise averaging, as already beneficial in the final refinement. Clean, low-noise, stripe, and gradient conditions should improve through lower neighborhood bias; medium and high noise may regress because residuals come from the broad provisional normal and 64 samples give a less stable first-pass scale. The cost is only a smaller median sort, with unchanged covariance support and eigendecomposition count. Ablate by restoring FIRST_STATISTIC_COUNT to 112, exactly recovering the current frontier estimator. The ordered quadratic-jet item remains deferred because its prior prediction crash has no precise diagnostic to address, as required by the batch strategy.	original
125	dee737d4500ad58aca07a82fba835e0d97c62dcb	17.436335		1.046	97.2	provisional			baseline	Reduce the first-pass Tukey residual-statistic core from 64 to 32 neighbors while retaining 112-neighbor covariance support	The retained 64-neighbor first-pass statistic core improved every condition, showing that curved or density-biased outer residuals had been shifting and inflating the robust reference distribution before the local plane was corrected. Reducing only that core to 32 neighbors tests the next query-local scale anchor: compute the Gaussian-weighted residual median m and MAD scale sigma from the nearest 32 samples, then apply Tukey weights (1 - ((e - m)/(4.62 sigma))^2)^2 to all 112 covariance samples. Clean, stripe, and gradient conditions should improve through lower curvature and neighborhood bias; low, medium, and high noise may also improve if tail contamination dominates, but may regress because residuals from the broad provisional plane make a 32-sample location and scale less stable. The cost is a smaller median sort with unchanged covariance support and eigendecomposition count. Ablate by restoring FIRST_STATISTIC_COUNT to 64, exactly recovering the current frontier estimator.	original
126	b9fe9aae2529793d9481d9a4ac2dbb5addefcd91	17.418577		1.048	98.4	discard			baseline	Reduce the first-pass Tukey residual-statistic core from 32 to 16 neighbors while retaining 112-neighbor covariance support	The retained 64-neighbor first-pass statistic core improved all conditions, and the provisional 32-neighbor core further improved low, medium, high, and gradient accuracy, indicating that curved or density-biased outer residuals still shift or inflate the robust reference distribution before the local plane is corrected. Reducing only this core to 16 neighbors is the next untested scale anchor: compute the Gaussian-weighted residual median and MAD from the nearest 16 samples, then apply the same Tukey weights to all 112 covariance samples. Medium and high noise and gradient may improve if removing tail contamination dominates; clean, low-noise, and stripe may regress because residuals from the broad provisional plane make a 16-sample location and scale less stable. The cost is a smaller median sort with unchanged covariance support, fit count, and asymptotic complexity. Ablate by restoring FIRST_STATISTIC_COUNT to 32, exactly recovering the current provisional frontier.	original
127	7a657db5b4cf4317e5750c9335fd6a2acc2934c5	17.414162		1.069	97.1	discard			baseline	Reduce the first-pass Tukey residual-statistic core from 32 to 24 neighbors while retaining 112-neighbor covariance support	The first robust refinement uses residuals from the broad provisional plane, and curved or density-biased outer samples can shift and inflate the Tukey location and scale that determine their own leverage. The retained 32-neighbor core improved low, medium, high, and gradient accuracy over 64 neighbors, while the measured 16-neighbor core further improved medium and high noise but regressed clean, low-noise, stripe, and gradient conditions through unstable statistics; 24 is the next untested midpoint. Compute the Gaussian-weighted residual median and MAD from the nearest 24 samples, then apply the unchanged Tukey weights to all 112 covariance samples. Medium and high noise may improve through a more query-local rejection reference, while clean, low-noise, stripe, and gradient may regress modestly if the smaller first-pass statistic is less stable. The cost is a smaller median sort with unchanged covariance support, fit count, and asymptotic complexity. Ablate by restoring FIRST_STATISTIC_COUNT to 32, exactly recovering the current frontier estimator.	original
128	8c80d62e3a01e11dcc1e521d5d9205fbcbc90baf	17.434364		1.015	108.1	discard			baseline	Reduce the first-pass Tukey residual-statistic core from 32 to 28 neighbors while retaining 112-neighbor covariance support	Curved or density-biased outer residuals from the broad provisional plane can shift and inflate the first Tukey location and scale, allowing those samples to preserve their own leverage. The retained 32-neighbor core improved low, medium, high, and gradient accuracy over 64 neighbors, while the measured 24-neighbor core further improved medium and high noise but regressed stripe; 28 is the next untested midpoint. Compute the Gaussian-weighted residual median and MAD from the nearest 28 samples, then apply the unchanged Tukey weights to all 112 covariance samples. Medium and high noise and gradient should improve through a more query-local rejection reference; clean and low noise should remain near the frontier, while stripe may regress if the smaller statistic core is unstable. The cost is only a smaller median sort, with unchanged covariance support, fit count, and asymptotic complexity. Ablate by restoring FIRST_STATISTIC_COUNT to 32, exactly recovering the current frontier estimator.	original
129	11e8b7ec7d7ba99b80220e0cece566148b9572f1	17.418637		1.016	110.2	discard			low	Estimate first-pass Tukey residual location from 32 neighbors and scale from 24 neighbors	The retained 32-neighbor first-pass residual core improves noise robustness and gradient accuracy, but using one radius for both robust location and scale conflates two roles: the median needs enough samples to stably locate the provisional surface sheet, whereas MAD measured farther from the query can be inflated by curvature or asymmetric density and preserve biased samples. Keep the first-pass Gaussian-weighted residual median on 32 neighbors, estimate sigma = 1.4826 weighted_median(|e - m_32|) from the nearest 24, and apply the unchanged Tukey weights to all 112 covariance samples. Medium and high noise should improve if the measured gains from smaller joint cores came from a more local rejection scale; clean, low-noise, stripe, and gradient may regress if the 24-sample MAD is unstable or too small. The cost is only a smaller scale sort, with unchanged covariance support and eigendecomposition count. Ablate by setting FIRST_SCALE_COUNT to 32, exactly recovering the current frontier estimator.	original
130	a91941d4bfc3d5e3ff706b1a68ad3719c2522c6b	17.43673		1.03	97.4	discard			low	Estimate first-pass Tukey residual location from 24 neighbors while retaining the 32-neighbor scale estimate	The broad provisional plane can leave the query-local residual sheet offset by curvature or asymmetric density, so its robust location should be more local than the scale used to judge residual spread. Compute the first-pass Gaussian-weighted residual median from the nearest 24 samples, retain the MAD scale from 32 samples around that median, and apply the resulting Tukey weights to all 112 covariance samples. This independently tests whether the medium/high gains of smaller joint statistic cores came from localizing the center rather than destabilizing the scale; the complementary 32-location/24-scale experiment worsened clean, low, and stripe. Clean, low-noise, and gradient conditions should improve through lower offset bias, while medium/high noise and stripe may regress if the 24-sample center is unstable; the complementary scale-only probe indicates its noise gains came from localizing scale rather than location. The cost is one smaller median sort with unchanged covariance support and eigendecomposition count. Ablate by setting FIRST_LOCATION_COUNT to 32, exactly recovering the frontier estimator. The ordered quadratic-jet item remains deferred because its prior prediction crash has no precise diagnostic to address.	original
131	38b6243184c1600ad9a3cd2d13b180f216a1d86b	17.491657		1.046	106.3	discard			low	Estimate first-pass Tukey residual location from 32 neighbors and scale from 48 neighbors	The retained 32-neighbor first-pass core makes the residual center query-local and strongly improves medium/high-noise and gradient accuracy, but estimating MAD from the same small core can make the rejection scale unstable, consistent with its small clean and stripe regressions. Keep the Gaussian-weighted residual median on the nearest 32 samples, estimate sigma = 1.4826 weighted_median(|e - m_32|) from the nearest 48, and apply the resulting Tukey weights to all 112 covariance samples. Clean, low-noise, and stripe conditions should improve through a more stable scale; gradient should remain near the frontier, while medium and high noise may regress if the broader scale includes curvature and preserves biased tail samples. The cost is a 48-value scale sort instead of 32 values, with unchanged covariance support and eigendecomposition count. Ablate by setting FIRST_SCALE_COUNT to 32, exactly recovering the current frontier estimator.	original
132	c8df5bf1f5414d1a173c9a8f5f5d8eb8f84cee4a	17.498365		1.075	110.2	discard			baseline	Increase the first-pass Tukey residual-statistic core from 32 to 48 neighbors	The 32-neighbor first-pass core strongly improves medium/high-noise and gradient accuracy by keeping curvature- and density-biased outer residuals from defining their own Tukey leverage, but its small weighted median and MAD also cause measured clean and stripe regressions. The measured scale-only 48-neighbor probe recovered clean, low-noise, and stripe accuracy, indicating that additional samples stabilize first-pass robust statistics; this parameter probe increases both location and scale cores together to 48, preserving their single-radius interpretation. Clean, low-noise, and stripe conditions should improve through more stable residual statistics, while medium/high noise and gradient may regress because the broader core admits more neighborhood bias. The cost is sorting 48 rather than 32 values with unchanged covariance support and eigendecomposition count. Ablate by restoring FIRST_STATISTIC_COUNT to 32, exactly recovering the current frontier estimator. The quadratic-jet batch item remains deferred because its prior prediction crash has no precise diagnostic to address.	original
133	db807e7a02e4c70150601f48a2200b150918ce4e	17.466807		1.081	106.3	discard			baseline	Use a 40-neighbor first-pass Tukey residual-statistic core	The provisional 32-neighbor first-pass statistic core strongly improves medium/high-noise and gradient accuracy by preventing curved or density-biased outer residuals from defining their own Tukey leverage, but its small weighted median and MAD slightly regress clean and stripe stability. Increasing the joint location-and-scale core to 48 recovered clean and stripe but admitted enough neighborhood bias to substantially worsen low, medium, high, and gradient conditions. Forty neighbors is the untested midpoint: it should stabilize the robust residual reference enough to improve clean and stripe while preserving more of the 32-core noise and gradient gains than 48. The cost is sorting eight additional residuals per query with unchanged 112-neighbor covariance support and eigendecomposition count. Ablate by restoring FIRST_STATISTIC_COUNT to 32, exactly recovering the current frontier estimator. The quadratic-jet batch item remains deferred because its prior prediction failure has no precise diagnostic to address.	original
134	3e7436986f462f6f2aadae7cd5a0ceba983ba7a2	17.450218		1.045	106.4	discard			baseline	Use a 36-neighbor first-pass Tukey residual-statistic core	The retained 32-neighbor first-pass core keeps curvature- and density-biased outer residuals from defining their own Tukey leverage, but its small weighted median and MAD slightly regress clean and stripe stability. The measured 40-neighbor core recovered clean, low-noise, and stripe accuracy but admitted enough neighborhood bias to worsen medium/high noise and gradient, so 36 is the untested midpoint between those anchors. Computing first-pass residual location and scale from 36 neighbors should improve clean and stripe through more stable robust statistics while preserving more of the 32-core medium/high-noise and gradient gains than 40; low noise may be near neutral. The cost is sorting four additional residuals per query, with unchanged 112-neighbor covariance support and eigendecomposition count. Ablate by restoring FIRST_STATISTIC_COUNT to 32, exactly recovering the frontier estimator. The ordered quadratic-jet item is skipped because its prior prediction failure has no precise diagnostic to address.	original
135	c262b12d3400ce0cca59c2fa6ac17fd6bc2ebaf7	17.436335		1.03	110.5	discard			baseline	Use a 34-neighbor first-pass Tukey residual-statistic core	The retained 32-neighbor first-pass core keeps curvature- and density-biased outer residuals from defining their own Tukey leverage, but its small weighted median and MAD slightly regress clean and stripe stability. The measured 36-neighbor core improved clean and stripe but worsened low, medium, high, and gradient conditions, so 34 is the untested midpoint between those anchors. Computing first-pass residual location and scale from 34 neighbors should recover part of the clean and stripe stability through two additional samples while losing less noise robustness and gradient locality than 36. The cost is sorting two additional residuals per query, with unchanged 112-neighbor covariance support and eigendecomposition count. Ablate by restoring FIRST_STATISTIC_COUNT to 32, exactly recovering the frontier estimator. The ordered quadratic-jet item remains skipped because its prior prediction failure has no precise diagnostic to address.	original
136	fb3d0f84dd95922c06e174562b9798534064da53	17.446882		1.026	97.6	discard			baseline	Use a 35-neighbor first-pass Tukey residual-statistic core	The retained 32-neighbor first-pass core prevents curvature- and density-biased outer residuals from defining their own Tukey leverage, but its small weighted median and MAD slightly reduce clean and stripe stability. The 36-neighbor probe improved clean and stripe while regressing low, medium, high, and gradient conditions, whereas 34 neighbors produced no numerical change; 35 is the smallest untested upward scale anchor that can determine where the statistic changes. Computing first-pass residual location and scale from 35 neighbors may recover part of the clean and stripe stability with less loss of noise robustness and gradient locality than 36. The cost is sorting three additional residuals per query, with unchanged 112-neighbor covariance support and eigendecomposition count. Ablate by restoring FIRST_STATISTIC_COUNT to 32, exactly recovering the frontier estimator. The ordered quadratic-jet item remains skipped because its prior prediction failure has no precise diagnostic to address.	original
137	14249637995622bb63dc1ad3adbb9dd15a230381	17.380046	14.720481	1.043	89.5	discard			baseline	Extend only the first Tukey-PCA refinement from 112 to 128 neighbors	The 32-neighbor first-pass residual-statistic core makes Tukey rejection query-local, but the resulting 112-neighbor covariance can remain sample-limited under medium and high positional noise. Admit neighbors 113 through 128 only to that first robust covariance while retaining the 112th-neighbor Gaussian bandwidth and 32-neighbor location-scale core; the added samples therefore form a decaying tail whose large normal residuals are still rejected. Medium and high noise should improve through additional covariance averaging, while clean, low-noise, stripe, and gradient conditions may regress if coherent curvature or density bias survives rejection. The cost is 16 extra samples in the first weighted covariance, with no additional fit. Ablate by setting FIRST_REFINEMENT_COUNT back to 112, exactly recovering the frontier estimator. The ordered quadratic-jet item remains deferred because its prior prediction crash has no precise diagnostic to address.	original
138	82e87aa999a4b3f80ffc134f1385f414f348f588	17.484047		1.1	101.3	provisional			baseline	Extend only the first Tukey-PCA refinement from 112 to 120 neighbors	The first 112-neighbor robust covariance can remain sample-limited under positional noise, but the measured 128-neighbor extension improved medium and high noise at too much cost to clean, low-noise, stripe, and gradient geometry. This midpoint parameter probe admits only neighbors 113 through 120 to the first covariance while retaining the 112th-neighbor Gaussian bandwidth and 64-neighbor robust location-scale core, so they form a low-leverage decaying tail and Tukey rejection still removes large normal residuals. Medium and high noise should improve through additional covariance averaging; clean, low-noise, stripe, and gradient may regress through coherent curvature or density bias, but less than with 128 neighbors. The cost is eight extra samples in one covariance and no additional fit. Ablate by restoring FIRST_REFINEMENT_COUNT to 112, exactly recovering the frontier estimator.	original
139	7392daac9e2c05147c5178fdb12dfc9c8b07dfe2	17.463383		1.177	98.3	discard			baseline	Extend only the first Tukey-PCA refinement from 120 to 124 neighbors	The first robust covariance remains sample-limited under positional noise, but extending its support increases curvature and density bias. The measured 120-neighbor refinement improved low-, medium-, and high-noise conditions over 112 with smaller clean, stripe, and gradient losses than the measured 128-neighbor endpoint, so 124 is the next untested midpoint. Admit neighbors 121 through 124 only to the first covariance while retaining the 112th-neighbor Gaussian bandwidth and 64-neighbor residual-statistic core; these samples form a low-weight tail, and Tukey rejection removes large normal residuals. Medium and high noise should improve through additional averaging; clean, stripe, and gradient may regress through coherent neighborhood bias, with low noise likely near the trade-off boundary. The cost is four samples in one covariance and no additional fit. Ablate by restoring FIRST_REFINEMENT_COUNT to 120 with every other setting unchanged.	original
140	c4f9984d83dea13c30ff3702f11b80da183bfb64	17.471592		1.131	98.2	discard			baseline	Extend only the first Tukey-PCA refinement from 120 to 122 neighbors	The first robust covariance remains sample-limited under positional noise, but its outer tail can introduce curvature and density bias. The measured 120-neighbor frontier improves low-, medium-, and high-noise conditions over 112, whereas extending to 124 adds medium/high averaging at the cost of clean, low-noise, stripe, and gradient accuracy; 122 is the untested midpoint that isolates this support trade-off. Admit only neighbors 121 and 122 to the first covariance while retaining the 112th-neighbor Gaussian bandwidth and 64-neighbor residual-statistic core, so they have low distance weight and Tukey rejection still removes large normal residuals. Medium and high noise should improve modestly through additional averaging; clean, low-noise, stripe, and gradient may regress through coherent curvature or density bias, but less than at 124. The cost is two extra samples in one covariance and no additional fit. Ablate by restoring FIRST_REFINEMENT_COUNT to 120 with every other setting unchanged.	original
141	c96cf05039127edcaf35fde21932419f9c6769e0	17.479004		1.106	98.1	discard			baseline	Extend only the first Tukey-PCA refinement from 120 to 121 neighbors	The first robust covariance remains sample-limited under positional noise, but coherent curvature and density bias in its outer tail can tilt the corrected tangent. The retained 120-neighbor frontier improves low-, medium-, and high-noise accuracy over 112 neighbors, while the measured 122-neighbor endpoint adds medium/high averaging but regresses clean, low-noise, and stripe accuracy; 121 is the next untested minimal support increment. Admit only neighbor 121 to the first covariance while retaining the 112th-neighbor Gaussian bandwidth and 64-neighbor Tukey location-scale core, so it has low distance weight and is removed when its normal residual is extreme. Medium and high noise may improve modestly through one additional covariance sample; clean, low-noise, stripe, and possibly gradient may regress through coherent neighborhood bias, but less than at 122. The cost is one sample in one covariance and no additional fit. Ablate by restoring FIRST_REFINEMENT_COUNT to 120 with every other setting unchanged.	original
142	6671201b0a472ad05a0049956d2a8090b09d76ec	17.483155		1.115	98.1	discard			baseline	Narrow only the 120-neighbor first-refinement Gaussian bandwidth from the 112th- to the 108th-neighbor radius	The retained 120-neighbor first robust covariance improves low-, medium-, and high-noise accuracy through extra averaging, but its 112th-neighbor Gaussian bandwidth gives the outer tail enough coherent curvature or density leverage to regress clean, stripe, and gradient patches. Recompute only that pass's spatial weights as exp(-2 d^2 / r_108^2), retaining all 120 samples and the same Tukey rejection so the tail remains available but decays faster. Clean, stripe, and gradient conditions should improve through lower neighborhood bias; low, medium, and high noise may regress because effective covariance support shrinks. The cost is one refinement weight-vector computation with unchanged samples and eigendecompositions. Ablate by restoring FIRST_BANDWIDTH_COUNT to 112, exactly recovering the current frontier estimator.	original
143	f38329d577bd7e79da18b650112f5e94b70c116a	17.483927		1.126	98.0	discard			baseline	Narrow only the 120-neighbor first-refinement Gaussian bandwidth from the 112th- to the 110th-neighbor radius	The retained 120-neighbor first robust covariance improves low-, medium-, and high-noise accuracy through extra averaging, but its 112th-neighbor Gaussian bandwidth gives the outer tail coherent curvature and density leverage that regresses clean, stripe, and gradient patches. Narrowing to the measured 108th-neighbor radius recovered all four geometry-sensitive conditions but lost medium/high-noise accuracy, so the untested 110th-neighbor radius is the midpoint parameter probe. Recompute only the first-refinement weights as exp(-2 d^2 / r_110^2), retaining all 120 samples and unchanged Tukey rejection. Clean, low-noise, stripe, and gradient should improve through lower neighborhood bias; medium and high noise may regress slightly as effective covariance support shrinks, but less than at radius 108. The cost is one weight-vector recomputation with unchanged support and eigendecomposition count. Ablate by restoring FIRST_BANDWIDTH_COUNT to 112, exactly recovering the current frontier estimator.	original
144	ada634c833106786fb818af1842bd857fdfb63cd	17.48524		1.137	98.1	discard			baseline	Widen only the 120-neighbor first-refinement Gaussian bandwidth from the 112th- to the 116th-neighbor radius	The retained 120-neighbor first robust covariance improves low-, medium-, and high-noise accuracy through additional averaging, but its Gaussian bandwidth remains fixed at neighbor 112, limiting the effective weight of the added tail. Narrowing the radius to 108 and 110 improved clean, low-noise, stripe, and gradient conditions but consistently regressed medium and high noise, giving a concrete reason to test the unmeasured opposite direction. Recompute only the first-refinement weights as exp(-2 d^2 / r_116^2), retaining all 120 samples and unchanged Tukey rejection. Medium and high noise should improve through greater effective covariance support; clean, low-noise, stripe, and gradient may regress because coherent curvature or density-biased tail samples gain leverage. The cost is one weight-vector recomputation with unchanged support and eigendecomposition count. Ablate by restoring FIRST_BANDWIDTH_COUNT to 112, exactly recovering the current frontier estimator.	original
145	3c6574268a83ab248ed84830e15b92280ca810d3	17.484838		1.126	114.2	discard			baseline	Widen only the 120-neighbor first-refinement Gaussian bandwidth from the 112th- to the 114th-neighbor radius	The retained 120-neighbor first robust covariance improves low-, medium-, and high-noise accuracy through additional averaging, but its kernel is still normalized by neighbor 112, limiting the effective contribution of the added tail. The measured 116th-neighbor bandwidth improved medium and high noise but introduced excessive clean, low-noise, stripe, and gradient bias, while 108 and 110 showed the opposite trade-off; 114 is the untested midpoint between the retained 112 radius and the measured 116 radius. Recompute only the first-refinement weights as exp(-2 d^2 / r_114^2), retaining all 120 samples and unchanged Tukey rejection. Medium and high noise should improve through greater effective covariance support; clean, low-noise, stripe, and gradient may regress through coherent curvature or density bias, but less than at radius 116. The cost is one weight-vector recomputation with unchanged support and eigendecomposition count. Ablate by restoring FIRST_BANDWIDTH_COUNT to 112, exactly recovering the current frontier estimator.	original
146	6ffef388d62cc0fdc0586a58f3f944f9f477c426	17.484047		1.161	98.1	discard			baseline	Reduce only the first Tukey-PCA refinement from 120 to 116 neighbors	The provisional 120-neighbor first robust covariance improves low-, medium-, and high-noise accuracy through extra averaging, but measurably regresses clean, stripe, and gradient patches because coherent curvature or density-biased tail samples can survive Tukey rejection. The recent bandwidth probes could only trade those effects by changing every retained sample's weight, so this untested support midpoint instead removes the four least-local samples while preserving the 112th-neighbor Gaussian bandwidth, 64-neighbor robust-statistic core, and all later computations. Clean, stripe, and gradient conditions should improve through lower neighborhood bias; low, medium, and high noise may regress from reduced covariance averaging, but less than when returning fully to 112 neighbors. The change slightly reduces first-pass covariance work and adds no mechanism. Ablate by restoring FIRST_REFINEMENT_COUNT to 120 with every other setting unchanged. The ordered quadratic-jet item remains deferred because its prior prediction crash has no precise diagnostic to address.	original
147	0b17b2843ec55999ec90745c59b2aa4181944961	17.517281		1.122	97.6	discard			baseline	Reduce only the first Tukey-PCA refinement from 120 to 114 neighbors	The retained 120-neighbor first robust covariance adds a Gaussian-decaying tail for positional-noise averaging, but coherent curvature or density-biased outer samples can survive Tukey rejection and tilt the corrected tangent. Removing neighbors 117 through 120 produced exactly unchanged development scores, showing that this outermost tail contributes no useful effective weight; 114 is the next untested midpoint toward the 112-neighbor validated support and tests whether neighbors 115 and 116 are similarly redundant. Removing the six least-local samples should leave all conditions unchanged if Tukey already suppresses them, or improve clean, stripe, and gradient through lower neighborhood bias; low, medium, and high noise may regress if the two newly removed samples provide genuine covariance averaging. The change slightly reduces first-pass covariance work and adds no mechanism. Ablate by restoring FIRST_REFINEMENT_COUNT to 120 with every other setting unchanged.	original
148	0630bb1ece25bec7e2b0e510d67a1b93e2428f59	17.512371		1.143	111.6	discard			baseline	Reduce only the first Tukey-PCA refinement from 120 to 115 neighbors	The retained 120-neighbor first robust covariance averages positional noise with a Gaussian-decaying tail, but coherent curvature or density-biased outer samples can survive Tukey rejection and tilt the corrected tangent. Reducing support to 116 produced exactly unchanged scores, proving neighbors 117 through 120 are redundant, whereas reducing to 114 improved clean, low-noise, stripe, and gradient conditions but regressed medium and high noise after also removing neighbors 115 and 116. The untested 115-neighbor boundary independently isolates neighbor 116: removing it should recover part of the measured geometry-sensitive gains with a smaller medium/high-noise loss than at 114, or leave scores unchanged if it too has zero effective leverage. The change removes five samples from one covariance, adds no mechanism or asymptotic cost, and is ablated by restoring FIRST_REFINEMENT_COUNT to 120. The ordered quadratic-jet item remains deferred because its prior prediction crash has no precise diagnostic to address.	original
149	fb60db29fdf5e3a8a66cfa097907847c8d00177a	17.472633		1.138	102.1	discard			baseline	Widen only the 224-neighbor provisional-PCA Gaussian bandwidth from the 112th- to the 120th-neighbor radius	The broad provisional PCA supplies the normal whose residuals drive the first redescending refinement, but its Gaussian kernel is still anchored at neighbor 112, so much of the 224-neighbor tail has negligible weight and the initial normal can remain variance-limited under positional noise. Normalize only the provisional weights by the 120th-neighbor radius, while explicitly retaining the 112th-neighbor bandwidth in both robust refinements. This modestly increases effective initialization support without directly broadening either final covariance. Medium and high noise should improve through a stabler provisional tangent; clean, low-noise, stripe, and gradient conditions may regress if coherent curvature or asymmetric density in the broad tail biases the first residual classification. The cost is one additional Gaussian weight vector and no extra eigendecomposition. Ablate by setting INITIAL_BANDWIDTH_COUNT to 112, which makes the initial and refinement kernels identical and exactly recovers the current estimator.	original
150	88ae191a35106ce33aa3115f3ba19def625bbb6c	17.480103		1.132	102.0	discard			baseline	Narrow only the 224-neighbor provisional-PCA Gaussian bandwidth from the 112th- to the 108th-neighbor radius	The broad provisional PCA supplies the normal whose residuals drive the first redescending refinement, but coherent curvature or asymmetric density in its 224-neighbor tail can tilt that normal and misclassify query-local samples. The measured opposite probe, widening the initialization bandwidth to neighbor 120, improved medium/high noise but worsened clean, low-noise, stripe, and gradient accuracy, giving a concrete reason to test a modest narrowing to neighbor 108. Using exp(-2 d^2 / r_108^2) only for initialization suppresses biased tail leverage, while both robust refinements retain the established r_112 kernel. Clean, low-noise, stripe, and gradient should improve; medium and high noise may regress because the provisional covariance averages less effective support. The cost is one separate Gaussian weight vector and no extra eigendecomposition. Ablate by setting INITIAL_BANDWIDTH_COUNT to 112, which makes the initialization kernel match the refinement kernel and exactly recovers the frontier estimator.	original
151	f2d6f66ea48f9025785a49882724dfd0d10ba710	17.484743		1.14	102.1	discard			baseline	Narrow only the 224-neighbor provisional-PCA Gaussian bandwidth from the 112th- to the 110th-neighbor radius	The broad provisional PCA supplies the normal used for first-pass redescending residual classification, but coherent curvature or asymmetric density in its 224-neighbor tail can tilt that normal. The measured r108 initialization improved clean, low-noise, stripe, and gradient accuracy while reducing medium/high-noise averaging, whereas widening to r120 showed the opposite trade-off; r110 is the untested midpoint toward the retained r112 radius. Use exp(-2 d^2 / r110^2) only for the provisional covariance, then explicitly preserve the established r112 Gaussian kernel in both robust refinements. Clean, low-noise, stripe, and gradient conditions should improve through lower neighborhood bias; medium and high noise may regress slightly because initialization has less effective support, but less than at r108. The cost is one separate Gaussian weight vector and no extra eigendecomposition. Ablate by setting INITIAL_BANDWIDTH_COUNT to 112, which makes the initialization and refinement kernels identical and exactly recovers the frontier estimator.	original
152	194828cee90d846398d82ea956967e1142d62365	17.476743		1.159	120.9	discard			baseline	Widen only the 224-neighbor provisional-PCA Gaussian bandwidth from the 112th- to the 116th-neighbor radius	The broad provisional PCA normal drives first-pass Tukey residual classification, but its Gaussian kernel is anchored at neighbor 112, leaving the added tail with limited effective weight and the initialization variance-limited under positional noise. The measured r120 initialization improved medium and high noise but introduced too much clean, low-noise, stripe, and gradient neighborhood bias, while r108 and r110 showed the opposite trade-off; r116 is the untested midpoint between the retained r112 and measured r120 anchors. Use exp(-2 d^2 / r116^2) only for the provisional covariance and preserve exp(-2 d^2 / r112^2) in both robust refinements. Medium and high noise should improve through a stabler provisional tangent; clean, low-noise, stripe, and gradient may regress through curvature or asymmetric-density bias, but less than at r120. The cost is one separate Gaussian weight vector and no extra eigendecomposition. Ablate by setting INITIAL_BANDWIDTH_COUNT to 112, which makes the initialization and refinement kernels identical and exactly recovers the frontier estimator.	original
153	c1eff30de17f9db261edc55e954e3a2ac3891476	17.480433		1.176	101.9	discard			baseline	Widen only the 224-neighbor provisional-PCA Gaussian bandwidth from the 112th- to the 114th-neighbor radius	The broad provisional PCA normal drives first-pass Tukey residual classification, but its Gaussian kernel is anchored at neighbor 112, limiting effective noise averaging in the 224-neighbor tail. The measured r116 initialization improved medium and high noise but added too much curvature and asymmetric-density bias to clean, low-noise, stripe, and gradient patches, while r108 and r110 showed the opposite trade-off; r114 is the next untested midpoint between the retained r112 and measured r116 anchors. Use exp(-2 d^2 / r114^2) only for the provisional covariance, while preserving exp(-2 d^2 / r112^2) in both robust refinements. Medium and high noise should improve through a stabler provisional tangent; clean, low-noise, stripe, and gradient may regress through neighborhood bias, but less than at r116. The cost is one separate Gaussian weight vector and no extra eigendecomposition. Ablate by setting INITIAL_BANDWIDTH_COUNT to 112, which makes the initialization and refinement kernels identical and exactly recovers the frontier estimator.	original
154	6455a95a7fd74d2e96828bbd761e972abb098e01	17.400428	14.713823	1.045	98.0	discard			baseline	Reduce the first-pass Tukey residual-statistic core from 64 to 32 neighbors while retaining 120-neighbor covariance support	The 120-neighbor first robust covariance improves positional-noise averaging, but allowing 64 residuals from the broad provisional plane to define Tukey location and scale can still let curvature- or density-biased samples shift or inflate their own rejection reference. Compute the Gaussian-weighted residual median m and MAD scale sigma from only the nearest 32 samples, then apply w = (1 - ((e - m)/(4.62 sigma))^2)^2 inside the cutoff to all 120 covariance samples. The earlier 32-core probe at 112-point support improved low, medium, high, and gradient conditions while slightly regressing clean and stripe, so combining that independently measured locality with the retained 120-point covariance should strengthen noise and gradient accuracy without giving up averaging support; clean and stripe may regress from less stable statistics. The cost is a smaller median sort and no additional fit or asymptotic complexity. Ablate by restoring FIRST_STATISTIC_COUNT to 64 while leaving 120-point support and all other settings unchanged.	original
155	876bd5f3b04435d3ed3b573460050aeb52f6d461	17.518309		1.06	97.3	discard			baseline	Reduce the first-pass Tukey residual-statistic core from 64 to 56 neighbors	The retained first robust refinement estimates Tukey location and scale from 64 residuals, so curvature- or density-biased samples near that core's boundary can shift or inflate their own rejection reference before the local plane is corrected. Using the nearest 56 samples for the Gaussian-weighted median and MAD, while still applying the resulting Tukey weights to all 112 covariance samples, is an untested midpoint toward the measured 48-neighbor anchor: it should preserve more statistical stability than 48 while reducing neighborhood bias relative to 64. Medium/high noise and gradient may improve if a more local reference rejects biased residuals; clean, low-noise, and stripe may regress if fewer samples destabilize the robust statistics. The cost is a smaller median sort with unchanged covariance support and eigendecomposition count. Ablate by restoring FIRST_STATISTIC_COUNT to 64 with every other setting unchanged.	original
156	b352a75e70d39fd0cd0016470390a0bc842f4d8c	17.526526		1.1	97.4	discard			baseline	Reduce the first-pass Tukey residual-statistic core from 64 to 60 neighbors	The first robust refinement estimates Tukey location and scale from 64 residuals, so curvature- or density-biased samples near the core boundary can shift or inflate the rejection reference before the local plane is corrected. The measured 56-neighbor probe improved clean, medium-noise, high-noise, stripe, and gradient accuracy but slightly regressed low noise; 60 neighbors is the untested midpoint between 56 and the retained 64, intended to preserve more statistical stability while removing some boundary bias. Medium and high noise, clean, stripe, and gradient should improve through a more local robust reference, while low noise may regress slightly if the smaller sample makes location or scale less stable. The cost is a four-value smaller median sort with unchanged covariance support and eigendecomposition count. Ablate by restoring FIRST_STATISTIC_COUNT to 64 with every other setting unchanged.	original
157	e5ac95030c849093961366d0716f10fe1443b612	17.534231		1.093	97.4	discard			baseline	Reduce the first-pass Tukey residual-statistic core from 64 to 62 neighbors	The first robust refinement estimates Tukey location and scale from 64 provisional-plane residuals, so curvature- or density-biased samples near the core boundary can shift or inflate the rejection reference and preserve their own covariance leverage. The measured 56- and 60-neighbor probes improved clean, medium-noise, high-noise, and gradient accuracy, while 60 retained more statistical support than 56; 62 is the next untested midpoint toward the retained 64-neighbor anchor. Computing the Gaussian-weighted residual median and MAD from 62 samples should preserve small clean, medium/high-noise, and gradient gains through lower neighborhood bias, while low noise and stripe may regress slightly if removing two samples destabilizes the robust statistics. The cost is a two-value smaller median sort with unchanged covariance support and eigendecomposition count. Ablate by restoring FIRST_STATISTIC_COUNT to 64 with every other setting unchanged.	original
158	ba446df092669001b2d8841aa55de924a523f91e	17.536265		1.119	100.1	discard			baseline	Reduce the first-pass Tukey residual-statistic core from 64 to 63 neighbors	The first robust refinement estimates Tukey location and scale from 64 residuals of the broad provisional plane, so a curvature- or density-biased boundary sample can shift or inflate the rejection reference and preserve its own covariance leverage. The measured 56-, 60-, and 62-neighbor probes consistently improved medium/high-noise and gradient accuracy, while 62 also slightly improved clean and low noise but slightly regressed stripe; 63 is the final untested one-sample midpoint toward the retained 64-neighbor anchor. Computing the Gaussian-weighted residual median m and MAD scale sigma from 63 samples, then applying w = (1 - ((e - m)/(4.62 sigma))^2)^2 within the cutoff to all 112 covariance samples, should preserve smaller clean, low, medium, high, and gradient gains with less stripe risk than 62. The cost is one fewer value in each first-pass median sort, with unchanged covariance support and eigendecomposition count. Ablate by restoring FIRST_STATISTIC_COUNT to 64 with every other setting unchanged.	original
159	413c41c2c5dba60423498b2728be9f7e367d3b88	17.48463		1.117	97.2	provisional			baseline	Tighten only the first Tukey-biweight cutoff from 4.62 to 4.15 weighted-MAD sigmas	The retained 64-neighbor first-pass statistic core makes residual location and scale query-local, but moderate curvature-, asymmetric-density-, or outlier-induced residuals can still retain leverage in the 112-neighbor covariance at the 4.62-sigma redescending boundary. Lowering only that boundary to the untested midpoint 4.15 moves Tukey's half-weight residual from about 2.50 to 2.25 robust-scale sigmas while leaving the final refinement, neighborhoods, and robust statistics unchanged. Prior stricter first-pass probes support improved clean, medium-noise, high-noise, and gradient accuracy through lower geometric leverage; low-noise and stripe conditions may regress if valid residuals are rejected. This changes one scalar with no runtime or asymptotic cost. Ablate by restoring the first cutoff to 4.62. The ordered quadratic-jet item remains deferred because its prior prediction failure has no precise diagnostic to address.	original
160	14f49a70953b3228a1167d79eaa957cb6662411b	17.460977		1.132	110.4	discard			baseline	Tighten only the first Tukey-biweight cutoff from 4.15 to 3.92 weighted-MAD sigmas	The retained 64-neighbor first-pass statistic core is query-local, but moderate curvature-, asymmetric-density-, or outlier-induced residuals can still influence the 112-neighbor covariance before the final refinement. Lowering only the first Tukey boundary from 4.15 to 3.92 is the untested midpoint toward the previously measured 3.69 anchor: w(u) = (1 - u^2)^2 for |u| < 1 becomes zero at a slightly smaller robust residual while the final fit and all neighborhoods remain fixed. The 4.15 probe improved clean, medium-noise, high-noise, stripe, and gradient conditions, so those should improve further if geometric leverage remains dominant; low noise may regress because valid residuals lose support. This changes one scalar with no runtime or asymptotic cost. Ablate by restoring the first cutoff to 4.15, exactly recovering the current frontier estimator.	original
161	12e3ea97ab6f1ba04adb289f69bcac9c092b3301	17.473028		1.088	97.3	discard			baseline	Tighten only the first Tukey-biweight cutoff from 4.15 to 4.04 weighted-MAD sigmas	The query-local 64-neighbor residual statistic reduces curvature and density bias, but moderate geometric residuals still retain leverage in the first 112-neighbor covariance at the 4.15-sigma Tukey boundary. The measured 3.92 cutoff improved medium and high noise substantially but slightly regressed clean, low-noise, stripe, and gradient conditions, so 4.04 is the untested midpoint between 4.15 and 3.92. Moving the redescending boundary inward should reject curvature-, asymmetric-density-, and outlier-induced leverage a little earlier, preserving part of the medium/high-noise gain while limiting valid-sample rejection; low noise may regress, and clean, stripe, and gradient should remain near the frontier. This changes one scalar with no runtime or asymptotic cost. Ablate by restoring the first cutoff to 4.15 while leaving the final cutoff, neighborhoods, and robust statistics unchanged.	original
162	e0af643a37da7e428c27f54855d8d0468d32bd61	17.479341		1.075	110.4	discard			baseline	Tighten only the first Tukey-biweight cutoff from 4.15 to 4.10 weighted-MAD sigmas	Moderate curvature-, asymmetric-density-, or outlier-induced residuals can still influence the first 112-neighbor covariance at the retained 4.15-sigma Tukey boundary. The measured 4.04 cutoff improved medium and high noise but slightly regressed clean, low-noise, stripe, and gradient conditions, so 4.10 is the untested midpoint between 4.15 and 4.04: moving the redescending boundary inward by only 0.05 should preserve part of the noise and geometric-leverage reduction while limiting rejection of valid samples. Medium and high noise should improve modestly; low noise may regress, while clean, stripe, and gradient should remain near the frontier. This changes one scalar with no runtime or asymptotic cost. Ablate by restoring the first cutoff to 4.15 while leaving the final cutoff, neighborhoods, and robust statistics unchanged.	original
163	7d49f099fcde4632e0b23d0a1e0d69fff5a0995b	17.510985		1.091	97.4	discard			baseline	Relax only the first Tukey-biweight cutoff from 4.15 to 4.38 weighted-MAD sigmas	The retained 4.15-sigma first-pass Tukey boundary strongly reduces curvature-, asymmetric-density-, and outlier-induced leverage, but it is the only recent cutoff anchor that regresses low-noise accuracy; every tighter probe from 4.10 through 3.92 further reduced valid-sample support without earning retention. Moving the first boundary halfway back toward the measured 4.62 setting, to 4.38, raises Tukey's half-weight residual from about 2.25 to 2.37 robust-scale sigmas while leaving the final refinement, neighborhoods, and robust statistics unchanged. Low-noise accuracy should improve through greater first-covariance support; clean, medium-noise, high-noise, stripe, and gradient conditions may regress if moderate geometric residuals regain leverage. This changes one scalar with no runtime or asymptotic cost. Ablate by restoring the first cutoff to 4.15, exactly recovering the current frontier estimator. The quadratic-jet batch item remains deferred because its prior prediction failure has no precise diagnostic to address.	original
164	27e66e945b3f64052d7a5212ce9e3bd7b95068dc	17.486139		1.088	97.4	discard			baseline	Tighten only the final Tukey-biweight cutoff from 2.77 to 2.65 weighted-MAD sigmas	After the first robust correction, moderate curvature-, asymmetric-density-, or outlier-induced residuals can still tilt the final 128-neighbor covariance at the 2.77-sigma Tukey boundary. The quadratic-jet batch item remains blocked because its earlier prediction crash has no precise diagnostic to address, so this parameter-only probe uses the untested midpoint toward the previously measured 2.54 cutoff under the newer 64-neighbor first-pass statistics and retained 4.15 first cutoff. Moving only the final redescending boundary to 2.65 should improve clean, medium-noise, high-noise, stripe, and gradient conditions by removing moderate geometric leverage; low noise may regress if valid residuals lose support. The change has no runtime or asymptotic cost. Ablate by restoring the final cutoff to 2.77 while leaving all neighborhoods, statistic cores, and the first cutoff unchanged.	original
165	e9ef23c9d39f360be3acd66280deb21820963863	17.44921		1.343	106.5	discard			medium	Add a third Tukey-biweight refinement on the retained 128-neighbor final patch	The final robust plane is still the result of residual rejection measured from the first corrected plane, so curvature, asymmetric density, or sparse outliers that biased that residual classification can retain leverage. Recompute the same Gaussian-weighted 32-neighbor residual median and MAD from the current final plane, apply the unchanged 2.77-sigma Tukey biweight to all 128 final-patch samples, and refit the covariance once more; this is one additional IRLS step toward the existing redescending objective, with no new geometric rule or cutoff. Clean, stripe, and gradient conditions should improve if the better-centered residuals remove remaining neighborhood bias; low, medium, and high noise may regress because another redescending pass can reduce effective averaging support. The cost is one weighted-median/MAD calculation and one 3-by-3 eigendecomposition per query. Ablate by removing the third tuple entries, exactly recovering the current two-refinement estimator.	https://doi.org/10.1080/00401706.1974.10489171
166	d331d0b296885ca99adc14167951b89a511bd279	17.32966	14.510292	1.367	97.5	keep			medium	Accept a third Tukey refinement only on geometrically thin local sheets	The measured unconditional third Tukey step strongly reduced curvature, density, and outlier bias on clean, low-noise, stripe, and gradient patches, but harmed medium and high noise because another redescending pass reduced effective averaging support. This change computes that same independently useful third fit but accepts it only when the pre-refit 32-neighbor weighted-MAD residual thickness satisfies sigma / r_112 <= 0.1. This dimensionless gate treats a thin, coherent local sheet as reliable enough for further outlier rejection, while thicker noise-dominated or strongly curved patches keep the retained two-step normal. Clean, low-noise, stripe, and gradient conditions should recover part of the measured third-step gain; medium and high noise should remain closer to the frontier, though genuinely curved thin sheets or unusually coherent noisy patches may be misclassified. The cost is the third weighted median, covariance, and eigendecomposition already measured, plus one scalar comparison per query. Ablate by forcing the gate false, which exactly recovers the current two-refinement estimator; forcing it true recovers the measured unconditional third refinement.	original
167	9bc1810a85900763efb4c6b791722f3cb752265d	17.316307		1.326	97.5	discard			baseline	Relax the third-refinement sheet-thickness gate from 0.10 to 0.125 local radii	The retained thickness gate captures most of the unconditional third Tukey step's large clean, low-noise, stripe, and gradient gains while nearly eliminating its medium/high-noise losses, but it also leaves measurable geometry-sensitive gains unused. Raising the dimensionless acceptance boundary from sigma / r_112 <= 0.10 to <= 0.125 is the next modest parameter anchor: it admits slightly thicker coherent sheets to the already-computed third redescending fit, reducing residual curvature, asymmetric-density, and outlier leverage. Clean, low-noise, stripe, and gradient conditions should improve; medium and high noise may regress as more noise-dominated patches lose effective covariance support. The fit count, runtime order, and memory are unchanged. Ablate by restoring the boundary to 0.10, exactly recovering the current frontier estimator; forcing it false still removes the third-step mechanism entirely.	original
168						crash	quality.ruff-fix	Ruff exited with status 1	medium	Require angular stability before accepting the gated third Tukey refinement	The retained thickness gate identifies coherent sheets where a third redescending fit removes curvature, density, and outlier leverage, but it still causes tiny medium/high-noise regressions because a low residual thickness does not guarantee that the resulting eigendirection is stable. In addition to sigma / r_112 <= 0.10, accept the third normal only when its sign-invariant angle from the two-step normal is at most 5 degrees, equivalently |n_2 dot n_3| >= cos(5 degrees). This preserves small corrective rotations on clean, low-noise, stripe, and gradient patches while rejecting large noise-driven changes; unusually biased geometry requiring a correction above 5 degrees may regress. The cost is one dot product and comparison per query, with no extra fit. Ablate by removing the angular condition, exactly recovering the retained thickness-gated estimator.	original
169	83656714c6193c86b14ad0451c383b79033849dd	17.372323		1.313	113.7	discard			medium	Require five-degree angular stability before accepting the gated third Tukey refinement	The retained residual-thickness gate identifies coherent local sheets where a third redescending fit reduces curvature, density, and outlier bias, but it still causes tiny medium- and high-noise regressions because low thickness alone does not ensure a stable normal update. In addition to sigma / r_112 <= 0.10, accept the third normal only when its sign-invariant rotation from the two-step normal is at most five degrees, equivalently |n_2 dot n_3| >= cos(5 degrees). This should preserve small corrective rotations and improve clean, low-noise, stripe, and gradient patches while rejecting large noise-driven updates to protect medium and high noise; geometry requiring a correction above five degrees may regress. The cost is one dot product and comparison per query with no extra fit. Ablate by removing the angular condition, exactly recovering the retained thickness-only gate. The prior attempt failed during Ruff processing and produced no measurement, so this remains an untested conceptual hypothesis implemented with explicit shaped arrays and formatted NumPy expressions.	original
170	1436c5524577a1ba2d76662afc18e0529ffeef34	17.468493		1.326	97.5	discard			medium	Require sufficient effective sample support before accepting the gated third Tukey refinement	The retained thin-sheet gate lets a third redescending fit remove curvature-, density-, and outlier-induced leverage, but measured medium/high-noise regressions are attributed to that fit reducing covariance support; the rejected angular gate also blocked useful geometric corrections rather than measuring this failure directly. In addition to sigma / r_112 <= 0.10, accept the third normal only when the normalized final weights have Kish effective count 1 / sum_i w_i^2 at least 64, half of the 128-point patch. This directly rejects poorly supported updates while permitting large, well-supported corrections. Medium and high noise should improve; clean, low-noise, stripe, and gradient should retain most third-step gains, though patches with genuine sparse inlier sheets may regress. The cost is one sum of squared weights per query and a scalar comparison. Ablate by removing the effective-count condition, exactly recovering the retained thickness-only gate.	original
171	e1a61d74dc1747f25c479517662b795c69c8aaab	17.330179		1.33	97.6	discard			medium	Require a modest 32-sample effective support before accepting the thin-sheet third Tukey refinement	The retained thickness gate identifies sheets where a third redescending fit removes curvature, density, and outlier bias, but its small medium/high-noise regressions indicate that some accepted fits have too little covariance support. The prior 64-sample Kish-count gate directly addressed that issue and improved both noisy conditions, but rejected too many useful geometry corrections and substantially regressed clean, low-noise, stripe, and gradient cases. This untested lower threshold requires N_eff = 1 / sum_i(w_i^2) >= 32 after weight normalization, only one quarter of the 128-point final patch, so it rejects severely collapsed noise-driven fits while retaining more coherent sparse sheets than the measured 64 threshold. Medium and high noise should improve modestly; clean, low-noise, stripe, and gradient may regress slightly if useful third-step fits have low effective support, but should retain more of the frontier gain than at 64. The cost is one sum of squared weights and comparison per query. Ablate by removing the effective-count condition, exactly recovering the retained thickness-only gate.	original
172	afeab7d644d6b9d3435a5317b8bdbaf561fd4101	17.402337		1.323	113.7	discard			medium	Replace hard third-refinement acceptance with a residual-thickness confidence blend	The retained hard gate applies the entire third Tukey update to every patch just below sigma / r_112 = 0.1 and none just above it, although residual thickness is continuous and near-boundary patches are the most likely to be noise- or curvature-ambiguous. Sign-align the third normal to the two-step normal and return normalize((1-a) n_2 + a n_3), where a = clip(1 - sigma / (0.1 r_112), 0, 1). Very thin coherent sheets retain most of the extra curvature-, density-, and outlier-bias correction, while thicker accepted sheets receive an attenuated update rather than a full support-reducing refit. Medium and high noise should improve by limiting marginal third-step corrections; clean, low-noise, stripe, and gradient may regress slightly because patches near the old boundary receive less correction. The cost is one dot product, blend, and normalization per query with no extra fit. Ablate by replacing a with the hard indicator sigma / r_112 <= 0.1, exactly recovering the current frontier selection.	original
173	3548e0e007c3d7d0f2a14985ddba877cf8397e65	17.326664		1.371	100.8	discard			baseline	Relax only the gated third Tukey-biweight cutoff from 2.77 to 3.23 weighted-MAD sigmas	The retained thin-sheet gate makes a third redescending refinement highly beneficial on clean, low-noise, stripe, and gradient patches, but its small medium/high-noise regressions indicate that repeating the strict 2.77-sigma rejection can remove too much valid covariance support. Raise only the third-pass Tukey boundary to 3.23 while leaving initialization, both retained refinements, the 0.10 thickness gate, and all statistic cores unchanged. Because Tukey weights are (1 - u^2)^2 inside the cutoff, the larger denominator downweights ordinary residuals less while still giving zero leverage to extreme outliers. Medium and high noise should improve through greater effective support; clean, low-noise, stripe, and gradient may regress if curvature- or density-biased residuals regain leverage. This changes one scalar with no runtime or asymptotic cost. Ablate by restoring the third cutoff to 2.77, exactly recovering the frontier estimator. The ordered quadratic-jet retry remains skipped because its prior prediction crash has no precise diagnostic to address.	original
174	c836e9651637e7fc5deec69c274a101e550d1794	17.337933		1.325	113.5	discard			baseline	Tighten only the thin-sheet third Tukey cutoff from 2.77 to 2.31 weighted-MAD sigmas	The retained thickness gate restricts the third refinement to coherent local sheets, but moderate curvature-, asymmetric-density-, or outlier-induced residuals can still influence its covariance at the 2.77-sigma redescending boundary. The preceding relaxation to 3.23 slightly improved support-sensitive low/high noise but regressed stripe accuracy, so this independently tests the unmeasured opposite direction only in the gated third pass. Lowering its Tukey boundary to 2.31 gives zero leverage to moderate geometric residuals earlier, while the first two fits, statistic cores, and 0.10 thickness gate remain unchanged. Clean, stripe, and gradient conditions should improve through lower neighborhood bias; low noise may also improve on coherent sheets, while medium and high noise may regress if valid residuals lose effective support. This changes one scalar with no runtime or asymptotic cost. Ablate by restoring the third cutoff to 2.77, exactly recovering the frontier estimator. The ordered quadratic-jet retry remains skipped because its prior prediction crash has no precise diagnostic to address.	original
175	c071fd4ad542d73ea7dbdfe1c9fec402663e9d23	17.357907		1.321	103.6	discard			baseline	Tighten the third-refinement sheet-thickness gate from 0.10 to 0.075 local radii	The retained third Tukey refinement removes substantial curvature, density, and outlier bias on thin coherent sheets, but still causes small medium- and high-noise regressions when a noise-affected patch happens to satisfy the 0.10 residual-thickness gate. Lowering the dimensionless acceptance threshold from sigma / r_112 <= 0.10 to <= 0.075 restricts the already-computed third fit to more confidently thin sheets, directly targeting this noise misclassification without changing its robust objective. Medium and high noise should improve by retaining the two-step estimate on more uncertain patches; clean, low-noise, stripe, and gradient conditions may regress because fewer useful geometric corrections are accepted. This changes one scalar with no runtime or asymptotic cost. Ablate by restoring the threshold to 0.10, exactly recovering the validated frontier estimator.	original
176	00c8f57d8c127248b0b26d5da8161f7084225e0d	17.315233		1.317	102.0	discard			baseline	Relax the third-refinement sheet-thickness gate from 0.10 to 0.15 local radii	The retained third Tukey refinement removes curvature-, density-, and outlier-induced leverage on coherent local sheets, but the 0.10 residual-thickness gate leaves some useful geometric corrections unused. The measured relaxation to 0.125 improved clean, low-noise, stripe, and gradient conditions with only small medium/high-noise regressions, so 0.15 is the next untested scale anchor in that supported direction. Accepting the already-computed third normal when sigma / r_112 <= 0.15 should further improve those four geometry-sensitive conditions; medium and high noise may regress because more noise-affected patches undergo another redescending fit and lose effective support. This changes one dimensionless scalar with no runtime or asymptotic cost. Ablate by restoring the threshold to 0.10, exactly recovering the validated frontier estimator.	original
177	0efad5b87fe16c928dc4a94b6bd7824b2426271f	17.353052		1.342	113.7	discard			medium	Require local residual thickness to contract from the broad PCA thickness before accepting the third Tukey refinement	The retained absolute thin-sheet gate can misclassify a noise-affected patch whose 32-neighbor residual MAD happens to fall below 0.10 local radii, causing an unnecessary third redescending fit and the measured medium/high-noise regressions. This change additionally requires sigma_local <= 0.5 sqrt(lambda_min,broad), where sqrt(lambda_min,broad) is the RMS thickness of the 224-neighbor provisional PCA patch. The dimensionless contraction test accepts the third fit only when robust localization has exposed a sheet substantially thinner than its broad neighborhood, evidence that curvature, density variation, or outliers rather than spatially persistent noise inflated the broad fit. Medium and high noise should improve by retaining the two-step normal when thickness persists across scales; clean, low-noise, stripe, and gradient conditions may regress if a useful third correction occurs without a twofold thickness contraction. The cost is retaining the initial smallest eigenvalue and one scalar comparison per query, with no extra fit. Ablate by removing the contraction condition, exactly recovering the validated absolute-thickness gate.	original
178	f85c57566305a70adcc2d0873d62fb88651667dc	17.34545		1.41	105.6	discard			medium	Require the third Tukey refinement to reduce query-local robust residual thickness	The retained absolute thin-sheet gate can accept a noise-driven third normal whenever its pre-refit 32-neighbor weighted-MAD thickness happens to be below 0.10 local radii. After computing the existing third fit, measure the same query-local weighted-MAD thickness around its new plane and accept that normal only if the thickness does not increase. This directly checks that the update better explains the coherent local sheet rather than merely rotating a redescending covariance with reduced support. Medium and high noise should improve by rejecting locally destabilizing updates; clean, low-noise, stripe, and gradient conditions may regress when a useful tangent correction slightly increases MAD despite reducing angular bias. The cost is one additional 32-value weighted median after the already-computed third eigendecomposition. Ablate by removing the post-fit contraction condition, exactly recovering the validated absolute-thickness gate.	original
179	b964422ded021ac4c7cc208c706437840105bd96	17.324384		1.314	97.4	discard			baseline	Reduce only the gated third Tukey refinement from 128 to 112 neighbors	The retained third refinement targets curvature, asymmetric-density, and outlier leverage on thin coherent sheets, but using the full 128-neighbor final patch can let coherent curvature in its outer Gaussian tail survive redescending rejection and tilt the extra correction. Compute the first two retained fits and the 32-neighbor thickness gate unchanged, then form only the already-gated third covariance from the nearest 112 samples; this makes the final correction more query-local without weakening the 128-neighbor second fit that supplies positional-noise averaging. Clean, low-noise, stripe, and gradient conditions should improve through lower neighborhood bias; medium and high noise may regress if accepted third fits need the extra 16 samples, though the thin-sheet gate should limit that exposure. The change reduces third-pass median and covariance work and adds no mechanism or eigendecomposition. Ablate by restoring the third refinement support to 128, exactly recovering the validated frontier. The ordered quadratic-jet retry remains skipped because its prior prediction crash has no precise diagnostic to address.	original
180	8dccd272e4932ba165a0e6224ee0aa29a8c02064	17.327358		1.352	105.5	discard			baseline	Reduce only the gated third Tukey refinement from 128 to 120 neighbors	The thin-sheet third refinement targets residual curvature, asymmetric-density, and outlier leverage, but its outer 128-neighbor Gaussian tail can still rotate the extra correction away from the query-local tangent. The measured 112-neighbor third pass improved clean, high-noise, stripe, and gradient conditions but slightly regressed low and medium noise, establishing a locality-versus-support trade-off; 120 neighbors is the untested midpoint. Forming only the already-gated third covariance from 120 samples should retain part of the clean, stripe, gradient, and possibly high-noise improvement while losing less low/medium-noise averaging than 112. The change removes eight samples only from the third median and covariance, with no new fit or mechanism. Ablate by restoring THIRD_REFINEMENT_COUNT to 128, exactly recovering the validated frontier estimator.	original
181	f9beb15229a5846a6a3a35f09dad6ea3ebd28d25	17.328536		1.326	113.3	discard			baseline	Reduce only the gated third Tukey refinement from 128 to 124 neighbors	The thin-sheet third refinement targets residual curvature, asymmetric-density, and outlier leverage, but its outer 128-neighbor Gaussian tail can rotate the extra correction away from the query-local tangent. Measured 112- and 120-neighbor third passes both improved clean, high-noise, stripe, and gradient conditions while slightly regressing low and medium noise; 124 is the untested midpoint between the retained 128 support and the measured 120 support. Forming only the already-gated third covariance from 124 samples should preserve part of those geometry-sensitive gains while retaining more low/medium-noise averaging than 120. The change removes four samples only from the third median and covariance, with no new fit or mechanism. Ablate by restoring THIRD_REFINEMENT_COUNT to 128, exactly recovering the validated frontier estimator.	original
182	0082731bbab09bc1f99db9af92ae1af053bf4965	17.329265		1.318	97.5	discard			baseline	Reduce only the gated third Tukey refinement from 128 to 126 neighbors	The thin-sheet third refinement targets residual curvature, asymmetric-density, and outlier leverage, but its outer 128-neighbor Gaussian tail can rotate the extra correction away from the query-local tangent. Measured 112-, 120-, and 124-neighbor third passes all improved clean, high-noise, stripe, and gradient conditions while slightly regressing low and medium noise; 126 is the next untested midpoint between the retained 128 support and the measured 124 support. Forming only the already-gated third covariance from 126 samples should preserve a smaller part of those geometry-sensitive gains while retaining more low/medium-noise averaging than 124. The change removes two samples only from the third median and covariance, with no new fit or mechanism. Ablate by restoring THIRD_REFINEMENT_COUNT to 128, exactly recovering the validated frontier estimator.	original
183						crash	quality.ruff-fix	Ruff exited with status 1	baseline	Reduce only the gated third Tukey refinement from 128 to 127 neighbors	The thin-sheet third refinement targets residual curvature, asymmetric-density, and outlier leverage, but the outermost sample of its 128-neighbor Gaussian tail can still rotate the extra correction away from the query-local tangent. Measured third-pass supports of 112, 120, 124, and 126 consistently improved clean, high-noise, stripe, and gradient conditions while slightly regressing low- and medium-noise conditions; 127 is the final untested support point between 126 and the retained 128 endpoint. Removing only neighbor 128 should preserve a minimal part of those geometry-sensitive gains while sacrificing less low/medium-noise averaging than every measured narrower support. The change removes one sample only from the already-gated third median and covariance, with no new fit or asymptotic cost. Ablate by restoring THIRD_REFINEMENT_COUNT to 128, exactly recovering the validated frontier estimator. The ordered quadratic-jet retry remains skipped because its prior prediction crash has no precise diagnostic to address.	original
184	882a2fb32caa0c5dc4891bb1d879bfb36c226b1c	17.329567		1.32	105.6	discard			baseline	Reduce only the gated third Tukey refinement from 128 to 127 neighbors	The thin-sheet third refinement targets residual curvature, asymmetric-density, and outlier leverage, but the outermost sample of its 128-neighbor Gaussian tail can still rotate the correction away from the query-local tangent. Supports of 112, 120, 124, and 126 consistently improved clean, high-noise, stripe, and gradient conditions while slightly regressing low- and medium-noise conditions; 127 is the final unmeasured support point because the previous attempt failed during Ruff processing rather than evaluation. Removing only neighbor 128 should preserve a minimal geometry-sensitive gain with less loss of low/medium-noise averaging than narrower supports. The cost is one fewer sample in only the already-gated third covariance, with no new fit or asymptotic complexity. Ablate by restoring THIRD_REFINEMENT_COUNT to 128, exactly recovering the validated frontier estimator.	original
185	680cf7a5696ffe7b92b958cf713fec70f3eca2ae	17.327463		1.352	105.8	discard			baseline	Narrow only the gated third Tukey-refinement Gaussian bandwidth from the 112th- to the 108th-neighbor radius	The thin-sheet third refinement targets residual curvature, asymmetric-density, and outlier leverage, but its 128-neighbor covariance still uses the 112th-neighbor Gaussian radius, so coherent outer-patch geometry can rotate the extra correction away from the query-local tangent. The completed third-support sweep consistently found that stronger locality improves clean, high-noise, stripe, and gradient conditions while slightly reducing low- and medium-noise averaging; after exhausting support endpoints, this independently tests spatial tapering while retaining all 128 samples. Recompute only the third-pass kernel as exp(-2 d^2 / r_108^2), leaving the first two fits, robust statistics, Tukey cutoff, and thickness gate unchanged. Clean, stripe, gradient, and possibly high noise should improve through lower neighborhood bias; low and medium noise may regress because effective support shrinks. The cost is one Gaussian weight-vector recomputation and bandwidth lookup, with no new samples or eigendecomposition. Ablate by setting THIRD_BANDWIDTH_COUNT to 112, exactly recovering the validated frontier estimator. The ordered quadratic-jet retry remains skipped because its prior prediction crash has no precise diagnostic to address.	original
186	53645db83b22b391306a958f9fea8b5a6655a373	17.329164		1.357	97.5	discard			baseline	Narrow only the gated third Tukey-refinement Gaussian bandwidth from the 112th- to the 110th-neighbor radius	The thin-sheet third refinement removes residual curvature, asymmetric-density, and outlier leverage, but its 128-neighbor covariance still uses the 112th-neighbor Gaussian radius, allowing coherent outer-patch geometry to rotate the final correction. The measured 108th-neighbor bandwidth improved clean, low-noise, medium-noise, high-noise, and gradient conditions but slightly worsened stripe sampling; 110 is the untested midpoint between that anchor and the retained 112 radius. Recomputing only the gated third-pass weights as exp(-2 d^2 / r_110^2) should retain part of those five gains through lower neighborhood bias while reducing the stripe regression by preserving more effective support. Stripe may still regress, and the noise gains may be smaller than at r_108. The cost is one Gaussian weight-vector recomputation and bandwidth lookup, with unchanged support and eigendecomposition count. Ablate by setting THIRD_BANDWIDTH_COUNT to 112, exactly recovering the validated frontier estimator.	original
187	88a176532f86a20df1657432d701e09c88d7a5ab	17.332846		1.381	98.0	discard			baseline	Widen only the gated third Tukey-refinement Gaussian bandwidth from the 112th- to the 116th-neighbor radius	The thin-sheet third refinement uses all 128 final-patch samples but normalizes its Gaussian kernel by neighbor 112, which may undersupport the last robust covariance and make its correction sensitive to stripe-density sampling. The measured r108 and r110 third-pass probes both worsened stripe accuracy, and r110 also lost medium/high-noise accuracy, giving a concrete reason to test the unmeasured opposite bandwidth direction. Recompute only the gated third-pass spatial weights as exp(-2 d^2 / r_116^2), leaving its support, residual statistics, Tukey cutoff, thickness gate, and the first two fits unchanged. Stripe and possibly medium/high noise should improve through greater effective covariance support; clean, low-noise, and gradient may regress if curved or density-biased outer samples gain leverage. The cost is one Gaussian weight-vector recomputation and bandwidth lookup already required by the recent bandwidth probes, with no new fit or asymptotic complexity. Ablate by setting THIRD_BANDWIDTH_COUNT to 112, exactly recovering the validated frontier estimator.	original
188	dc29ffa8d67df857d556343481e18b698820a6b0	17.32671		1.431	113.5	discard			low	Narrow only the gated third Tukey covariance kernel while retaining the established residual-statistic kernel	The measured r108 third-pass kernel improved clean, low-noise, medium-noise, high-noise, and gradient accuracy but slightly regressed stripe sampling; that probe changed both the covariance weights and the weighted residual median, MAD, and thickness gate, so it did not isolate where the stripe loss arose. Keep residual location, scale, Tukey factors, and gate at the validated r112 Gaussian kernel, but form only the accepted third covariance with exp(-2 d^2 / r108^2). The narrower covariance directly limits coherent curvature and density-biased outer-patch leverage, while the established statistic kernel preserves the more stable stripe residual classification and acceptance decision. Clean, low, medium, high, and gradient conditions should retain part of the measured r108 gains; stripe should regress less or improve, though all geometry-sensitive gains may weaken if they came from the statistic change. The cost is one extra Gaussian weight vector with no additional fit or eigendecomposition. Ablate by setting THIRD_COVARIANCE_BANDWIDTH_COUNT to 112, making statistic and covariance kernels identical and exactly recovering the validated frontier. This follows the bandwidth evidence rather than retrying the blocked quadratic jet, whose prediction crash has no precise diagnostic to address.	original
189	376831bcea2f4aa61314641a73fb6c39003a1f34	17.330437		1.372	113.7	discard			low	Narrow only the gated third Tukey residual-statistic kernel from the 112th- to the 108th-neighbor radius	The measured r108 third-pass kernel improved clean, low-noise, medium-noise, high-noise, and gradient accuracy but regressed stripe sampling, while the subsequent covariance-only r108 ablation improved clean, low, stripe, and gradient but slightly worsened medium and high noise. This complementary experiment keeps the accepted third covariance at the validated r112 Gaussian kernel and uses exp(-2 d^2 / r108^2) only for its 32-neighbor weighted residual median, MAD, Tukey factors, and thin-sheet gate. A more query-local robust reference should prevent curvature- or density-biased residuals from inflating their own allowed leverage while preserving the established covariance support. Medium and high noise should recover the gains not explained by covariance tapering; clean, low, and gradient may also improve, while stripe may regress if its local 32-sample statistic becomes less stable. The cost is one 32-value Gaussian weight vector per query, with no extra fit or eigendecomposition. Ablate by setting THIRD_STATISTIC_BANDWIDTH_COUNT to 112, which makes the statistic kernel match the retained covariance kernel and exactly recovers the validated frontier.	original
190	11255c7233e867b11d24f260a054d29bbfd4b990	17.330623		1.362	113.7	discard			baseline	Narrow only the gated third-pass residual-statistic bandwidth from neighbor 112 to neighbor 110	The third Tukey refinement uses a 32-neighbor weighted residual median and MAD to identify a thin coherent sheet, but curvature or density-biased samples can inflate that reference distribution and preserve their own leverage. The measured statistic-only radius-108 probe improved clean, low-, medium-, high-noise, and gradient conditions but destabilized stripe sampling; radius 110 is the untested midpoint toward the retained radius 112. Using exp(-2 d^2 / r_110^2) only for third-pass location, scale, Tukey factors, and the thickness gate should retain part of the noise and neighborhood-bias gains while preserving more stripe stability. The accepted covariance remains at the established radius 112, so cost is one 32-value weight vector and no extra fit. Ablate by setting THIRD_STATISTIC_BANDWIDTH_COUNT to 112, exactly recovering the validated estimator.	original
191	5c316172293743f103542840d0b17395470f8184	17.330027		1.331	106.6	discard			baseline	Widen only the gated third-pass residual-statistic bandwidth from neighbor 112 to neighbor 116	The third Tukey refinement estimates its residual location and MAD from only 32 samples, so a narrow spatial kernel can make those statistics unstable under stripe density and positional noise. The measured statistic-only radii 108 and 110 both worsened stripe accuracy, giving a concrete reason to test the opposite direction while leaving the accepted covariance kernel at radius 112. Weighting only the third-pass median and MAD by exp(-2 d^2 / r_116^2) should improve stripe and possibly medium/high-noise stability through a less concentrated robust reference; clean, low-noise, and gradient conditions may regress if curved or density-biased samples inflate the scale and retain leverage. The cost is one 32-value weight vector and no extra fit or eigendecomposition. Ablate by setting THIRD_STATISTIC_BANDWIDTH_COUNT to 112, which skips the alternate statistic kernel and exactly recovers the validated estimator. The ordered quadratic-jet retry remains skipped because its prior prediction crash has no precise diagnostic to address.	original
192	78c847ac24c80cc6a28f794a045e931b11de67d8	17.32966		1.265	110.5	discard			medium	Compute the gated third Tukey refinement only for patches that pass the retained thin-sheet test	The retained estimator currently forms and diagonalizes a third robust covariance for every query, then discards its normal on thick, noise-dominated or strongly curved patches. Evaluate the existing condition sigma / r_112 <= 0.1 before that covariance and gather only passing rows for the third fit. This is mathematically the same estimator: clean, low-noise, stripe, and gradient patches accepted by the gate receive the identical outlier- and neighborhood-bias correction, while medium/high-noise patches rejected by the gate retain the identical two-step normal. The expected benefit is lower runtime and temporary work in proportion to the rejected fraction, at the cost of a small indexed sub-batch and branch; accuracy should be unchanged in every condition. Ablate by restoring the unconditional batched third covariance followed by np.where selection, which recovers the prior implementation exactly.	original
193						crash	quality.ruff-fix	Ruff exited with status 1	medium	Normalize the gated third Tukey refinement by robust in-plane patch scale	The retained third-refinement gate compares residual thickness with the 112th-neighbor radius, but that outer order statistic can expand under stripe or gradient density and make the same physical sheet appear artificially thin, admitting a support-reducing extra fit. Instead compare the pre-refit weighted-MAD thickness sigma with sqrt(lambda_1 + lambda_2) from the two-step robust covariance, accepting when sigma / sqrt(lambda_1 + lambda_2) <= 0.15. This dimensionless PCA-derived aspect ratio measures thickness against the patch's actual weighted tangent spread; 0.15 approximately preserves the old 0.1-radius boundary for an isotropic Gaussian surface patch. Medium and high noise should improve by rejecting density-inflated false thin sheets; stripe and gradient may also improve through density-consistent gating, while clean and low-noise patches may regress if useful third corrections are rejected. The cost is retaining two eigenvalues and scalar arithmetic, with no extra fit. Ablate by restoring sigma / r_112 <= 0.1, exactly recovering the validated gate.	original
194	8668791697544593bca6582cc69eb6320057b50a	17.356628		1.348	100.9	discard			medium	Normalize the gated third Tukey refinement by robust in-plane patch scale	The retained third-refinement gate divides residual thickness by the 112th-neighbor radius, but that outer order statistic expands under stripe or gradient density and can make a noise-affected sheet appear artificially thin, admitting an extra redescending fit that reduces effective support. Replace the gate with the PCA-derived aspect ratio sigma / sqrt(lambda_1 + lambda_2) <= 0.15, using the two-step robust covariance eigenvalues so thickness is compared with the patch's actual weighted tangent spread. The 0.15 threshold approximately matches the old 0.10 radius threshold for an isotropic Gaussian surface patch. Medium and high noise should improve by rejecting false thin sheets, and stripe or gradient sampling may improve through density-consistent normalization; clean and low-noise conditions may regress if useful third corrections are rejected. The cost is retaining two eigenvalues and scalar arithmetic, with no additional fit. Ablate by restoring sigma / r_112 <= 0.10, exactly recovering the validated gate. The prior attempt failed during Ruff processing and produced no measurement, so the conceptual hypothesis remains untested; this implementation uses an explicit shaped tangent-spread array to avoid an implicit loop-carried value.	original
195	b40519f11c198feca672cd5975f7928dd5565204	17.325779		1.345	97.6	discard			medium	Gate the third Tukey refinement at a 0.20 robust thickness-to-tangent-spread ratio	The retained gate divides robust normal-direction thickness by the 112th-neighbor radius, whose density sensitivity can make stripe or gradient patches appear artificially thin. Use the PCA-derived ratio sigma / sqrt(lambda_1 + lambda_2) instead, where the eigenvalues come from the two-step robust covariance, and accept the third fit at a relaxed threshold of 0.20. The measured 0.15 ratio gate improved medium and high noise but rejected too many useful corrections on clean, low-noise, stripe, and gradient patches; 0.20 is the next simple parameter anchor intended to retain some density-consistent noise rejection while recovering those four conditions. The cost is retaining two eigenvalues and scalar arithmetic, with no extra fit. Ablate by restoring sigma / r_112 <= 0.10, exactly recovering the validated gate; compare 0.15 independently to isolate the threshold relaxation.	original
196						crash	quality.ruff-fix	Ruff exited with status 1	baseline	Gate the third Tukey refinement at a 0.175 robust thickness-to-tangent-spread ratio	The retained gate divides robust normal-direction thickness by the 112th-neighbor radius, whose response to stripe or gradient density can make a noisy patch appear artificially thin and admit a support-reducing third fit. Use the PCA-derived aspect ratio sigma / sqrt(lambda_1 + lambda_2), from the two-step robust covariance, with threshold 0.175. The measured 0.15 ratio gate improved medium and high noise but rejected too many useful clean, low-noise, stripe, and gradient corrections, while 0.20 recovered clean, low, and stripe but lost the noise gains; 0.175 is the untested midpoint intended to balance density-consistent noise rejection against geometric correction. The cost is retaining two eigenvalues and scalar arithmetic, with no extra fit. Ablate by restoring sigma / r_112 <= 0.10; compare 0.15 and 0.20 independently to isolate the threshold.	original
197	689481216821030d9be2b81577e47db041fbb690	17.337499		1.323	97.7	discard			baseline	Gate the third Tukey refinement at a 0.175 robust thickness-to-tangent-spread ratio	The retained gate normalizes robust residual thickness by the 112th-neighbor radius, whose density sensitivity can make stripe or gradient patches appear artificially thin and admit a support-reducing third fit. Instead use the PCA-derived ratio sigma / sqrt(lambda_1 + lambda_2), computed from the two-step robust covariance, and accept the third refinement when it is at most 0.175. The measured 0.15 ratio improved medium and high noise but rejected too many useful clean, low-noise, stripe, and gradient corrections, while 0.20 recovered clean, low, and stripe but lost the noise gains; this previously unmeasured midpoint should balance density-consistent noise rejection against geometric correction. The cost is retaining the two tangent eigenvalues and scalar arithmetic, with no extra fit. Ablate by restoring sigma / r_112 <= 0.10; compare against the measured 0.15 and 0.20 thresholds to isolate this parameter.	original
198	182a7f62b445da22a8baeea5f724d66a8aa8f2d1	17.323682		1.351	106.7	discard			low	Normalize the third-refinement thickness gate by the 32-neighbor robust-statistic core radius	The retained third Tukey gate compares a thickness estimated from the nearest 32 residuals with the much broader 112th-neighbor radius. Under stripe or gradient density and locally changing geometry, that scale mismatch can make a noisy or biased core appear artificially thin and admit a support-reducing third fit. Compare the weighted-MAD thickness instead with r_32, the spatial radius of the same core that defines the statistic, and accept when sigma / r_32 <= 0.20; for a uniformly sampled 2D patch, r_32/r_112 is approximately sqrt(32/112), so 0.20 closely preserves the retained 0.10-r_112 boundary while making numerator and denominator equally local. Stripe, gradient, medium-noise, and high-noise conditions should improve through more scale-consistent gating; clean and low-noise may regress if useful curvature or outlier corrections are rejected. The cost is one cached radius lookup and scalar comparison, with no extra fit. Ablate by restoring sigma / r_112 <= 0.10, exactly recovering the validated gate.	original
199	5c8d2f1d209089194277e3a69d4da8261f9d1ee2	17.331321		1.325	111.5	discard			low	Normalize the third-refinement thickness gate by the robust core's weighted tangent RMS spread	The retained gate compares a weighted-MAD thickness measured on 32 query-local residuals with the much broader 112th-neighbor radius; the rejected r32 probe made the denominator local but remained sensitive to one outer order statistic, while the rejected covariance-eigenvalue probe measured tangent spread over all 128 samples rather than the statistic core. This change computes the Gaussian-weighted RMS in-plane distance of those same 32 samples about the current plane and accepts the third Tukey fit when sigma/tau <= 0.28. Thus numerator and denominator use the same points, weights, center, and corrected tangent, making the aspect ratio less sensitive to stripe/gradient density and anisotropic core shape. For a uniform 2D patch, tau is approximately r32/sqrt(2), so 0.28 approximately preserves the retained 0.1-r112 boundary. Stripe, gradient, medium-noise, and high-noise conditions should improve through more scale-consistent gating; clean and low-noise may regress if useful curvature/outlier corrections are rejected. The cost is one weighted tangent second moment per query and no additional fit. Ablate by restoring sigma/r112 <= 0.10, exactly recovering the validated gate; compare independently with the measured r32 and full-covariance tangent-scale gates.	original
200	ca4f0c1d64f019bc427e53a14188cb79a5b9704e	17.343974		1.344	113.5	discard			medium	Reject the thin-sheet third Tukey refinement when the preceding robust step collapses residual scale by more than half	The retained absolute thickness gate can mistake a noise-affected patch for a coherent thin sheet after redescending weights collapse onto a small subset, then apply a third fit that further reduces effective noise-averaging support. In addition to sigma_2 / r_112 <= 0.10, require sigma_2 >= 0.5 sigma_1, where sigma_1 and sigma_2 are the identically computed weighted-MAD residual scales before the second and third fits. A genuinely stable local sheet should have comparable successive scales, whereas a sudden scale collapse signals unstable inlier selection rather than geometric thinness. Medium and high noise should improve by retaining the two-step normal on collapsed patches; clean, low-noise, stripe, and gradient may regress if a useful second refinement legitimately reveals a much thinner sheet. The cost is retaining one scalar per query and one comparison, with no additional fit. Ablate by removing the scale-retention condition, exactly recovering the validated thickness-only gate.	original
201	d3d702eabad62bf0b1f949ce1cec10c20f77e56d	17.357823		1.329	97.6	discard			medium	Require the gated third Tukey refinement to retain at least half of its Gaussian spatial weight mass	The retained thin-sheet gate can admit a noise-affected patch whose third redescending loss keeps only a small spatially weighted inlier subset, reducing the covariance support that medium- and high-noise cases need. Before normalization, the sum of Gaussian weight times Tukey weight lies in [0, 1] and directly measures how much of the established spatial kernel survives rejection. In addition to sigma / r_112 <= 0.10, accept the third normal only when this retained mass is at least 0.5. Medium and high noise should improve by keeping the two-step estimate when redescending rejection collapses support; clean, low-noise, stripe, and gradient may regress if useful curvature-, density-, or outlier-removing corrections legitimately retain less than half the kernel mass. The cost is one already-required weight sum and one comparison, with no extra fit. Ablate by removing the retained-mass condition, exactly recovering the validated thickness-only gate. This differs from the rejected Kish-count gate, which measured concentration only after normalization and therefore discarded absolute information about how much spatial support Tukey rejection removed.	original
202	a4c246e9cfd8e7fee6daebed131e002aeefc5619	17.32966		1.336	113.5	discard			medium	Require the thin-sheet third Tukey refinement to retain at least one quarter of its Gaussian spatial weight mass	The retained thickness gate can still admit a noise-affected patch whose third redescending loss collapses onto a small spatially weighted subset, making its covariance unstable. Before normalization, sum_i w_gaussian,i w_Tukey,i is the fraction of the established spatial kernel retained by rejection. The measured 0.5 threshold improved low-, medium-, and high-noise conditions but rejected too many useful curvature-, density-, and outlier-removing updates on clean, stripe, and gradient patches. Requiring only 0.25 is the next untested support anchor: it should reject severe collapse and modestly improve the three noisy conditions while preserving more geometry-sensitive corrections than 0.5; clean, stripe, and gradient may still regress when useful corrections use sparse inliers. The cost is retaining the weight sum already needed for normalization and one comparison per query. Ablate by removing the retained-mass condition, exactly recovering the validated thickness-only gate; compare independently with 0.5 to isolate the threshold relaxation.	original
203	e35fe6dece7d916a100c60626e5091a61f746817	17.329801		1.323	97.5	discard			low	Require the thin-sheet third Tukey refinement to retain at least three eighths of its Gaussian spatial weight mass	The retained thickness gate can admit a noise-affected patch whose third redescending loss keeps too little spatially weighted support for a stable covariance. The pre-normalization mass sum_i w_G,i w_T,i directly measures the fraction of the established Gaussian kernel surviving Tukey rejection. A measured 0.50 gate improved low-, medium-, and high-noise conditions but rejected too many useful clean, stripe, and gradient corrections, while 0.25 had no numerical effect; the untested midpoint 0.375 should reject moderate support collapse and recover some noisy-condition accuracy with less geometry-sensitive regression than 0.50. The cost is retaining the already-computed normalization sum and one comparison per query. Ablate by removing the retained-mass condition, exactly recovering the validated thickness-only gate; comparisons with 0.25 and 0.50 isolate the threshold.	original
204	05596a5eef51b7f1d7443b0db6dcff365cd8a686	17.333353		1.307	103.8	discard			baseline	Require the thin-sheet third Tukey refinement to retain at least seven sixteenths of its Gaussian spatial weight mass	The thin-sheet gate can accept a noise-affected third refinement after redescending rejection has removed too much spatial support for a stable covariance. The pre-normalization mass sum_i w_G,i w_T,i measures the fraction of the established Gaussian kernel retained by Tukey rejection. A 0.50 threshold improved low-, medium-, and high-noise conditions but rejected too many useful clean, stripe, and gradient corrections; 0.375 had only tiny effects and did not recover high-noise accuracy. The untested midpoint 0.4375 should reject more moderately collapsed fits than 0.375 and improve low, medium, and high noise, while causing smaller clean, stripe, and gradient regressions than 0.50. This changes one scalar and reuses the normalization sum, so runtime and asymptotic cost are unchanged. Ablate by setting the threshold to zero, exactly recovering the validated thickness-only gate; comparisons with 0.375 and 0.50 isolate the parameter.	original
205	0c482f0e16e175a64a20333acd64704515ad745c	17.343442		1.344	113.5	discard			low	Require the thin-sheet third Tukey refinement to retain at least fifteen thirty-seconds of its Gaussian spatial weight mass	The retained thickness gate can accept a noise-affected third refinement after redescending Tukey rejection has removed too much spatial support for a stable covariance. Before normalization, sum_i w_G,i w_T,i is the fraction of the established Gaussian kernel retained by the robust fit. Measured thresholds of 0.4375 and 0.50 bracket the trade-off: 0.4375 modestly improved medium noise but not high noise, while 0.50 improved low, medium, and high noise at a larger clean, stripe, and gradient cost. Requiring the untested midpoint 0.46875 should reject more support-collapsed fits than 0.4375 and improve the noisy conditions, while preserving more useful curvature-, density-, and outlier-removing corrections than 0.50. The cost is one scalar comparison using the weight sum already needed for normalization. Ablate by setting the minimum retained mass to zero, exactly recovering the validated thickness-only gate; comparisons with 0.4375 and 0.50 isolate the threshold.	original
206	f18ebb51f12b32add1dfe839786c2e27f28fbae2	17.347649		1.349	97.5	discard			low	Require the thin-sheet third Tukey refinement to retain at least 31/64 of its Gaussian spatial weight mass	A thin residual sheet can still be noise-affected when Tukey rejection collapses the third fit onto too little spatial support, making its covariance unstable. Before normalization, sum_i w_G,i w_T,i is the fraction of the established Gaussian kernel retained by the redescending fit. Measured thresholds 0.46875 and 0.50 bracket the trade-off: both improved low, medium, and high noise, while 0.50 caused larger clean, stripe, and gradient regressions. The untested midpoint 0.484375 should reject more support-collapsed fits than 0.46875 and improve low-, medium-, and high-noise conditions; clean, stripe, and gradient may regress as useful curvature-, density-, and outlier-removing corrections are rejected, but less than at 0.50. The cost is one scalar comparison using the normalization sum already computed. Ablate by setting the minimum retained mass to zero, exactly recovering the validated thickness-only gate; compare independently with 0.46875 and 0.50 to isolate the threshold.	original
207	2fd849db08c34f7a4d7219d57e5ce7f065e058c3	17.374089		1.317	97.3	discard			medium	Use bounded-influence Cauchy weighting instead of redescending Tukey rejection only in the gated third refinement	The retained thin-sheet third refinement improves clean, low-noise, stripe, and gradient geometry, but repeated Tukey rejection can collapse covariance support and slightly harm medium and high noise. Keep the broad initialization, first two Tukey corrections, residual statistics, and thickness gate unchanged, but replace only the accepted third pass by Cauchy weights 1 / (1 + u^2) with cutoff 1.5 weighted-MAD sigmas. Tukey's retained 2.77 cutoff was chosen to reach half weight at the same approximately 1.5-sigma residual, so this isolates redescending zero-weight rejection from bounded influence: every sample retains finite support while large curvature-, density-, and outlier-induced residuals remain downweighted. Medium and high noise should improve through greater effective covariance support; clean, low-noise, stripe, and gradient may regress if extreme geometric residuals regain leverage. The fit count is unchanged and the cost is slightly lower mask arithmetic. Ablate by restoring the 2.77-sigma Tukey formula only in the third pass, exactly recovering the validated estimator.	original
208	903ed07b1d34b6ab335a307599d629d7e0ad3d1b	17.41		1.32	102.8	discard			low	Mix 5% unrejected Gaussian support into only the gated third Tukey refinement	The retained thin-sheet third pass improves clean, low-noise, stripe, and gradient geometry, but redescending Tukey weights become exactly zero for large residuals and can leave its covariance under-supported at medium and high noise. In only that pass, use w = w_G [0.95 w_T + 0.05], an epsilon-contamination mixture that preserves Tukey's strong curvature-, density-, and outlier-rejection contrast while guaranteeing every spatially local sample a small covariance contribution. The latest matched Cauchy replacement improved medium and high noise but excessively restored geometric leverage; this smaller 5% floor should recover part of that noise support with less regression on clean, low, stripe, and gradient conditions. The fit count and asymptotic cost are unchanged, adding one affine weight operation. Ablate by setting THIRD_GAUSSIAN_WEIGHT_MIX to zero, exactly recovering the validated Tukey third pass.	original
209	abd254fbf6781437751ed8b02380155abc02ec06	17.326065		1.321	104.8	discard			low	Use a linear compact-support residual taper only in the gated third robust refinement	The thin-sheet third fit benefits clean, low-noise, stripe, and gradient patches by rejecting curvature-, density-, and outlier-induced residuals, but its squared Tukey profile can collapse covariance support and slightly harm medium/high noise. Keep the established cutoff and zero weight outside it, but use w(u) = max(1 - u^2, 0) rather than (1 - u^2)^2 only in the third pass. This preserves complete rejection of extreme geometric contamination while giving moderate in-cutoff residuals more influence; unlike the rejected Cauchy and Gaussian-floor probes, it never restores samples beyond the redescending boundary. Medium and high noise should improve through greater effective support, while clean, low-noise, stripe, and gradient may regress if moderate curvature or density bias regains leverage. The fit count and asymptotic cost are unchanged. Ablate by squaring the third-pass compact profile again, exactly recovering the validated estimator.	original
210	d53abeffbccbe3aac443f97f9e184ec5180892dd	17.327167		1.368	96.5	discard			baseline	Use a three-halves compact-support residual taper only in the gated third robust refinement	The thin-sheet third refinement needs redescending rejection for curvature, density bias, and outliers, but the retained squared Tukey profile can reduce effective covariance support. The measured linear compact profile improved clean, low-noise, and gradient accuracy but slightly regressed medium noise, high noise, and stripe sampling; using w(u) = max(1 - u^2, 0)^(3/2) is the untested midpoint between that linear taper and the retained squared taper. It preserves the same finite rejection boundary and zero leverage for extreme residuals while giving moderate in-cutoff samples more support than Tukey. Clean, low-noise, and gradient conditions should retain part of the linear taper's gains, while medium, high, and stripe should regress less; curvature-biased moderate residuals may still gain leverage. The fit count and asymptotic cost are unchanged. Ablate by setting the third-pass exponent back to 2, exactly recovering the validated estimator; exponent 1 independently recovers the measured linear profile.	original
211	f1026fd94e09c6b3bd025d5008ce8894789d5a47	17.32831		1.38	113.7	discard			baseline	Use a seven-fourths compact-support residual taper only in the gated third robust refinement	The thin-sheet third refinement needs redescending rejection to suppress curvature-, density-, and outlier-induced residuals, but the retained squared Tukey profile can reduce effective covariance support. The measured linear and three-halves profiles both improved clean, low-noise, and gradient accuracy while slightly regressing medium noise, high noise, and stripe sampling; using w(u) = max(1 - u^2, 0)^(7/4) is the next untested midpoint between the three-halves probe and the retained squared taper. It preserves the same finite rejection boundary and zero leverage for extreme residuals while restoring less moderate-residual support than the three-halves profile. Clean, low-noise, and gradient conditions should retain smaller gains, while medium, high, and stripe should regress less; moderate curvature-biased residuals may still gain leverage. The only added cost is a fractional power in the already-computed third fit. Ablate by setting THIRD_TUKEY_EXPONENT back to 2, exactly recovering the validated estimator; setting it to 1.5 independently recovers the preceding probe.	original
212	87df8adef76e0b818cf8426ce85f13935c2fbc0d	17.328965		1.481	97.4	discard			baseline	Use a fifteen-eighths compact-support residual taper only in the gated third robust refinement	The thin-sheet third refinement needs redescending rejection to suppress curvature-, density-, and outlier-induced residuals, but the retained squared Tukey profile can reduce effective covariance support. The measured exponents 1, 1.5, and 1.75 improved clean, low-noise, and gradient accuracy, while the latest 1.75 probe also preserved stripe accuracy and left only small medium/high-noise regressions. Using w(u) = max(1 - u^2, 0)^(15/8) is the next untested midpoint between 1.75 and the retained exponent 2. It preserves the same finite rejection boundary and zero leverage for extreme residuals while restoring less moderate-residual support than 1.75. Clean, low-noise, stripe, and gradient should retain smaller gains; medium and high noise should regress less, though moderate curvature-biased residuals may regain leverage. The cost is one fractional power in the existing third fit. Ablate by setting THIRD_TUKEY_EXPONENT to 2, exactly recovering the validated estimator; 1.75 independently recovers the preceding probe.	original
213	0ecd198a7f3706b0a827373a3c207626f717a490	17.329308		1.37	113.6	discard			baseline	Use a 31/16 compact-support residual taper only in the gated third robust refinement	The thin-sheet third refinement needs redescending rejection to suppress curvature-, density-, and outlier-induced residuals, but the retained squared Tukey profile can slightly reduce effective covariance support. The measured exponents 1.75 and 1.875 improved clean, low-noise, stripe, and gradient accuracy while causing progressively smaller medium/high-noise regressions as the exponent approached 2. Using w(u) = max(1 - u^2, 0)^(31/16) is the next untested midpoint between 1.875 and the retained exponent 2. It preserves the same finite rejection boundary and zero leverage for extreme residuals while restoring less moderate-residual support than 1.875. Clean, low-noise, stripe, and gradient should retain smaller gains; medium and high noise should regress less, though moderate curvature-biased residuals may regain leverage. The cost is one fractional power in the existing third fit. Ablate by setting THIRD_TUKEY_EXPONENT to 2, exactly recovering the validated estimator; setting it to 1.875 independently recovers the preceding probe.	original
214	633c381bb0f7f28e01f61c7f2d69c1b0d08e04cf	17.329483		1.334	97.5	discard			baseline	Use a 63/32 compact-support residual taper only in the gated third robust refinement	The thin-sheet third refinement needs redescending rejection to suppress curvature-, density-, and outlier-induced residuals, but the retained squared Tukey profile can slightly reduce effective covariance support. Measured exponents 1.75, 1.875, and 1.9375 progressively approached the retained exponent 2: each gave small clean, low-noise, stripe, and gradient gains, while its medium/high-noise regressions shrank. Using w(u) = max(1 - u^2, 0)^(63/32) is the next untested midpoint between 31/16 and 2. It keeps the same finite rejection boundary and zero leverage for extreme residuals while giving moderate in-cutoff samples only slightly more support than Tukey. Clean, low-noise, stripe, and gradient should retain very small gains; medium and high noise may regress slightly, but less than at 31/16. The cost is one fractional power in the existing third fit. Ablate by restoring THIRD_TUKEY_EXPONENT to 2; setting it to 31/16 independently recovers the preceding probe.	original
215	e527743a4c14e1a5766d431d36c218b986c39498	17.329571		1.367	113.7	discard			baseline	Use a 127/64 compact-support residual taper only in the gated third robust refinement	The thin-sheet third refinement needs redescending rejection to suppress curvature-, density-, and outlier-induced residuals, but the retained squared Tukey profile can slightly reduce effective covariance support. Measured exponents 1.875, 1.9375, and 1.96875 progressively approached the retained exponent 2: each gave small clean, low-noise, stripe, and gradient gains, while medium/high-noise regressions shrank. Using w(u) = max(1 - u^2, 0)^(127/64) is the next untested midpoint between 63/32 and 2. It preserves the same finite rejection boundary and zero leverage for extreme residuals while giving moderate in-cutoff samples only minimally more support than Tukey. Clean, low-noise, stripe, and gradient should retain very small gains; medium and high noise may regress slightly, but less than at 63/32. The cost is one fractional power in the existing third fit. Ablate by restoring THIRD_TUKEY_EXPONENT to 2; setting it to 63/32 independently recovers the preceding probe.	original
216	6a8d162f8fc348ad3c713aac059af33aa220e6a5	17.329615		1.339	105.5	discard			baseline	Use a 255/128 compact-support residual taper only in the gated third robust refinement	The thin-sheet third refinement needs redescending rejection to suppress curvature-, density-, and outlier-induced residuals, but the retained squared Tukey profile can slightly reduce effective covariance support. Measured exponents from 1.75 through 127/64 gave progressively smaller clean, low-noise, stripe, and gradient gains and progressively smaller medium/high-noise regressions as they approached 2. Using w(u) = max(1 - u^2, 0)^(255/128) is the next untested midpoint between 127/64 and the retained exponent 2. It preserves the same finite rejection boundary and zero leverage for extreme residuals while giving moderate in-cutoff samples only minimally more support than Tukey. Clean, low-noise, stripe, and gradient should retain extremely small gains; medium and high noise may regress extremely slightly, but less than at 127/64. The cost is one fractional power in the existing third fit. Ablate by restoring THIRD_TUKEY_EXPONENT to 2; setting it to 127/64 independently recovers the preceding probe. The quadratic-jet batch item remains deferred because its prior prediction failure has no precise diagnostic to address.	original
217	3e8f054a256df69c900f65e37875ce9e82f2c56c	17.336571		1.348	97.5	discard			baseline	Relax the third-refinement sheet-thickness gate from 0.10 to 0.20 local radii	The gated third Tukey fit removes residual curvature, asymmetric-density, and outlier leverage, but the retained sigma / r_112 <= 0.10 boundary excludes moderately thick coherent sheets that may still benefit from another robust correction. The measured relaxations to 0.125 and 0.15 improved the aggregate development score and the clean, low-noise, stripe, and gradient conditions, so 0.20 is the next untested simple scale anchor in that supported direction. Accepting the already-computed third normal when sigma / r_112 <= 0.20 should improve those geometry-sensitive conditions; medium and high noise may regress because more noise-dominated patches undergo redescending rejection and lose effective covariance support. This changes one dimensionless scalar with no additional computation. Ablate by restoring the threshold to 0.10, exactly recovering the validated frontier estimator.	original
218	ba8cf3b98c457046ecfd303380f0f263d722e31b	17.320524		1.394	113.6	discard			baseline	Relax the third-refinement sheet-thickness gate from 0.10 to 0.175 local radii	The gated third Tukey fit removes residual curvature, asymmetric-density, and outlier leverage, but the retained sigma / r_112 <= 0.10 boundary excludes moderately thick coherent sheets that can benefit from another robust correction. Thresholds 0.125 and 0.15 improved clean, low-noise, stripe, and gradient accuracy, whereas 0.20 crossed the trade-off and worsened the aggregate score; 0.175 is the untested midpoint between the best measured relaxed anchor and 0.20. Accepting the already-computed third normal when sigma / r_112 <= 0.175 should recover additional geometry-sensitive corrections without admitting as many noise-dominated patches as 0.20. Clean, low-noise, stripe, and gradient conditions should improve; medium and high noise may regress because more patches undergo redescending rejection and lose effective covariance support. This changes one dimensionless scalar with no additional computation. Ablate by restoring the threshold to 0.10, exactly recovering the validated frontier estimator.	original
219	3a3fa39eb6c5d78f6bfaf1a2cd6af136acdf3a92	17.314503		1.324	98.5	discard			baseline	Relax the third-refinement sheet-thickness gate from 0.10 to 0.1625 local radii	The gated third Tukey fit removes residual curvature, asymmetric-density, and outlier leverage, but the retained sigma / r_112 <= 0.10 boundary excludes moderately thick coherent sheets that can benefit from another robust correction. The measured 0.15 threshold gave the best development score in the recent relaxation sweep, while 0.175 admitted enough noise-dominated patches to lose part of that gain; 0.1625 is the untested midpoint that tests whether a modest extension beyond 0.15 captures more useful geometric corrections without crossing that trade-off. Clean, low-noise, stripe, and gradient conditions should improve through additional robust refinement, while medium and high noise may regress because more patches undergo redescending rejection and lose effective covariance support. This changes one dimensionless scalar with no added computation. Ablate by restoring the threshold to 0.10, exactly recovering the validated frontier estimator; comparison with 0.15 and 0.175 isolates the parameter choice. The ordered quadratic-jet retry remains skipped because its prior prediction failure has no precise diagnostic to address.	original
220	4130a0374478e570787ef73c590d29f8e4e30580	17.315961		1.336	109.3	discard			baseline	Relax the third-refinement sheet-thickness gate from 0.10 to 0.15625 local radii	The gated third Tukey fit removes residual curvature, asymmetric-density, and outlier leverage, but the retained sigma / r_112 <= 0.10 boundary excludes moderately thick coherent sheets that can benefit from another robust correction. The measured 0.15 and 0.1625 thresholds both improved clean, low-noise, stripe, and gradient accuracy, with 0.1625 giving the best recent aggregate result, while 0.175 admitted enough noise-dominated patches to lose much of that gain; 0.15625 is the untested midpoint between the two best anchors and probes the apparent optimum without adding a mechanism. Those four geometry-sensitive conditions should improve, while medium and high noise may regress because more patches undergo redescending rejection and lose effective covariance support. The cost and runtime are unchanged. Ablate by restoring the threshold to 0.10, exactly recovering the validated frontier estimator; comparisons with 0.15 and 0.1625 isolate this parameter choice. The ordered quadratic-jet retry remains skipped because its prior prediction failure has no precise diagnostic to address.	original
221	25992998344f148925fae70a7a87ac1b077928bc	17.317878		1.349	97.4	discard			baseline	Relax the third-refinement sheet-thickness gate from 0.10 to 0.16875 local radii	The gated third Tukey fit removes residual curvature, asymmetric-density, and outlier leverage, but the retained sigma / r_112 <= 0.10 boundary excludes moderately thick coherent sheets that can benefit from another robust correction. The measured 0.1625 threshold gave the best aggregate development result in the recent gate sweep, whereas 0.175 admitted enough noise-dominated patches to lose part of that gain; 0.16875 is the untested midpoint between those anchors. Clean, low-noise, stripe, and gradient conditions should improve through additional robust refinement, while medium and high noise may regress because more patches undergo redescending rejection and lose effective covariance support. This changes one dimensionless scalar with no added runtime or asymptotic cost. Ablate by restoring the threshold to 0.10, exactly recovering the validated frontier estimator; comparisons with 0.1625 and 0.175 isolate the parameter choice. The ordered quadratic-jet retry remains skipped because its prior prediction failure has no precise diagnostic to address.	original
222	19cdbf7849fc2dead19e6bfd7832ecef5b042596	17.317114		1.351	113.5	discard			baseline	Relax the third-refinement sheet-thickness gate from 0.10 to 0.165625 local radii	The gated third Tukey fit removes residual curvature, asymmetric-density, and outlier leverage, but the retained sigma / r_112 <= 0.10 boundary excludes moderately thick coherent sheets that can benefit from another robust correction. The measured 0.1625 threshold gave the best aggregate development result in the recent sweep, whereas 0.16875 admitted enough noise-dominated patches to lose part of that gain; 0.165625 is the untested midpoint between those anchors. Clean, low-noise, stripe, and gradient conditions should improve through additional robust refinement, while medium and high noise may regress because more patches undergo redescending rejection and lose effective covariance support. This changes one dimensionless scalar with no added runtime or asymptotic cost. Ablate by restoring the threshold to 0.10, exactly recovering the validated frontier estimator; comparisons with 0.1625 and 0.16875 isolate the parameter choice. The ordered quadratic-jet retry remains skipped because its prior prediction failure has no precise diagnostic to address.	original
223	a15611e64cadbc50a89db5ece2013bdcbfbc5837	17.315156		1.349	97.5	discard			baseline	Relax the third-refinement sheet-thickness gate from 0.10 to 0.159375 local radii	The gated third Tukey fit removes residual curvature, asymmetric-density, and outlier leverage, but the retained sigma / r_112 <= 0.10 boundary excludes moderately thick coherent sheets that can benefit from another robust correction. The measured 0.1625 threshold produced the best aggregate development result in the recent sweep, while 0.15625 was slightly worse; 0.159375 is their untested midpoint and tests the lower side of that apparent optimum after the upper-side 0.165625 probe regressed. Clean, low-noise, stripe, and gradient conditions should improve through additional robust refinement, while medium and high noise may regress because more patches undergo redescending rejection and lose effective covariance support. This changes one dimensionless scalar with no added runtime or asymptotic cost. Ablate by restoring the threshold to 0.10, exactly recovering the validated frontier estimator; comparisons with 0.15625 and 0.1625 isolate the parameter choice. The ordered quadratic-jet retry remains skipped because its prior prediction failure has no precise diagnostic to address.	original
224	bf7defb4c1fc3f79d858c1851c1f3b1e166c26de	17.315522		1.384	97.4	discard			baseline	Relax the third-refinement sheet-thickness gate from 0.10 to 0.1609375 local radii	The gated third Tukey fit removes residual curvature, asymmetric-density, and outlier leverage, but the retained sigma / r_112 <= 0.10 boundary excludes moderately thick coherent sheets that can benefit from another robust correction. The measured 0.1625 threshold produced the best aggregate development result in the recent sweep, while 0.159375 was slightly worse; 0.1609375 is their untested midpoint and completes the lower-side bracket without adding a mechanism. Clean, low-noise, stripe, and gradient conditions should improve through additional robust refinement, while medium and high noise may regress because more patches undergo redescending rejection and lose effective covariance support. This changes one dimensionless scalar with no runtime or asymptotic cost. Ablate by restoring the threshold to 0.10, exactly recovering the validated frontier estimator; comparisons with 0.159375 and 0.1625 isolate this parameter choice. The ordered quadratic-jet retry remains skipped because its prior prediction failure has no precise diagnostic to address.	original
225	f342f815cefa0c206a3ea9f32ae0480906a2bdc0	17.344199		1.387	113.6	discard			baseline	Tighten the third-refinement sheet-thickness gate from 0.10 to 0.0875 local radii	The gated third Tukey fit removes residual curvature, asymmetric-density, and outlier leverage, but the retained sigma / r_112 <= 0.10 boundary can still classify unusually coherent noise-affected patches as thin sheets and apply another support-reducing refinement. The measured 0.075 threshold protected medium- and high-noise patches but rejected too many useful clean, low-noise, stripe, and gradient corrections; 0.0875 is the untested midpoint between that anchor and the validated 0.10 threshold. Medium and high noise should improve by retaining the two-step normal on more uncertain patches, while clean, low-noise, stripe, and gradient may regress because fewer third-step geometric corrections are accepted. This changes one dimensionless scalar with no runtime or asymptotic cost. Ablate by restoring the threshold to 0.10, exactly recovering the validated frontier estimator; comparison with 0.075 independently isolates the midpoint choice.	original
226	a6c1254054aee44960bb934d5045da2b4e81b844	17.337041		1.363	105.5	discard			baseline	Tighten the third-refinement sheet-thickness gate from 0.10 to 0.09375 local radii	The gated third Tukey fit removes curvature-, density-, and outlier-induced leverage on thin coherent sheets, but the retained sigma / r_112 <= 0.10 boundary can still admit unusually coherent noise-affected patches and apply another redescending refinement with reduced effective support. The measured 0.0875 midpoint improved medium and high noise but rejected too many useful clean, low-noise, stripe, and gradient corrections; 0.09375 is the untested midpoint between that anchor and the validated 0.10 threshold. Medium and high noise should improve by retaining the two-step normal on a smaller set of uncertain patches, while clean, low-noise, stripe, and gradient may regress slightly because fewer third-step geometric corrections are accepted, but less than at 0.0875. This changes one dimensionless scalar with no runtime or asymptotic cost. Ablate by restoring the threshold to 0.10, exactly recovering the validated frontier estimator; comparison with 0.0875 independently isolates the midpoint choice. The ordered quadratic-jet retry remains skipped because its prior prediction failure has no precise diagnostic to address.	original
227	5f2870698d518c9846edb5ca4a5dda6edbdd01eb	17.335149		1.369	113.6	discard			baseline	Tighten the third-refinement sheet-thickness gate from 0.10 to 0.096875 local radii	The gated third Tukey fit removes curvature-, density-, and outlier-induced leverage on thin coherent sheets, but the retained sigma / r_112 <= 0.10 boundary can still admit unusually coherent noise-affected patches and apply another redescending refinement with reduced effective support. The measured 0.09375 threshold improved medium and high noise but rejected enough useful clean, low-noise, stripe, and gradient corrections to worsen those conditions; 0.096875 is the untested midpoint between that anchor and the validated 0.10 threshold. Medium and high noise should improve by retaining the two-step normal on a small set of uncertain patches, while clean, low-noise, stripe, and gradient may regress slightly because fewer third-step geometric corrections are accepted, but less than at 0.09375. This changes one dimensionless scalar with no runtime or asymptotic cost. Ablate by restoring the threshold to 0.10, exactly recovering the validated frontier estimator; comparison with 0.09375 independently isolates the midpoint choice. The quadratic-jet batch item remains skipped because its prior prediction failure has no precise diagnostic to address.	original
228	7e41cd18bcaf5026f64769656a8714fcf364bfbf	17.331258		1.33	97.4	discard			baseline	Tighten the third-refinement sheet-thickness gate from 0.10 to 0.0984375 local radii	The gated third Tukey fit removes curvature-, density-, and outlier-induced leverage on thin coherent sheets, but the retained sigma / r_112 <= 0.10 boundary can still admit unusually coherent noise-affected patches and apply another redescending refinement with reduced effective support. The measured 0.096875 threshold improved medium and high noise but rejected enough useful clean, low-noise, stripe, and gradient corrections to worsen those conditions; 0.0984375 is the untested midpoint between that anchor and the validated 0.10 threshold. Medium and high noise should improve by retaining the two-step normal on a very small set of uncertain patches, while clean, low-noise, stripe, and gradient may regress slightly because fewer third-step geometric corrections are accepted, but less than at 0.096875. This changes one dimensionless scalar with no runtime or asymptotic cost. Ablate by restoring the threshold to 0.10, exactly recovering the validated frontier estimator; comparison with 0.096875 independently isolates the midpoint choice. The quadratic-jet batch item remains skipped because its prior prediction failure has no precise diagnostic to address.	original
229	37e197e1b712dc7aca887255f652d5cfa5af5ab2	17.33415		1.324	97.6	discard			low	Leave the query sample out of the gated third-pass residual location and scale statistics	The query is normally its own zero-distance neighbor and receives maximum Gaussian weight in the 32-neighbor residual statistic, even though its positional displacement is the noise source being diagnosed. This self-influence can make weighted median/MAD thickness appear artificially coherent and admit a support-reducing third Tukey refinement. Compute the third-pass weighted residual median and MAD over the same 32-neighbor core excluding only the query, while retaining the query and all 128 samples in the robust covariance. Medium and high noise should improve through less optimistic thin-sheet confidence; clean, low-noise, stripe, and gradient may regress if removing an exact surface sample destabilizes the statistic or rejects useful geometric corrections. The cost is one deterministic equality mask with no new fit or asymptotic work. Ablate by retaining the query's statistic weight, exactly recovering the frontier estimator. The ordered quadratic-jet retry remains skipped because its prior prediction failure has no precise diagnostic to address.	original
230	71c822942fa3d77f6b53f99eff77c0b42d6ad9e2	17.332469		1.492	103.3	discard			low	Exclude the query only from the third-refinement thin-sheet confidence statistic	The query is its own zero-distance neighbor and therefore has maximum Gaussian influence on the 32-neighbor residual thickness used to decide whether another redescending fit is safe, even though query displacement is part of the positional noise being diagnosed. The prior leave-query-out probe also changed the Tukey location and scale that form the third covariance and regressed clean, low-noise, high-noise, and gradient accuracy; this complementary ablation leaves that robust fit exactly unchanged and excludes the query only from an independently recomputed weighted median/MAD used by the acceptance gate. Medium and high noise should improve if self-influence was making confidence overly optimistic; clean, low-noise, stripe, and gradient may regress if the omitted surface sample makes confidence conservative and rejects useful curvature-, density-, or outlier-removing updates. The cost is one additional pair of 32-value weighted medians per query. Ablate by using the fit's existing robust_scale for the thin-sheet comparison, exactly recovering the frontier estimator.	original
231	fabb4e17367273b28542faaafa5f6aff9356744b	17.329494		1.375	97.4	discard			baseline	Give the query half weight only in the third-refinement thin-sheet confidence statistic	The query is normally its own zero-distance neighbor and has maximum Gaussian influence on the 32-neighbor residual thickness that decides whether a third redescending fit is safe, even though its positional displacement is part of the noise being diagnosed. Fully excluding it from only this confidence statistic improved medium-noise and stripe accuracy but made the gate too conservative for clean, low-noise, high-noise, and gradient patches. Multiplying only its confidence weight by 0.5 is the untested midpoint: it should reduce optimistic self-influence and improve medium noise and stripe while preserving more stable clean, low, high, and gradient decisions than exclusion. The Tukey fit itself remains unchanged and the cost is one additional pair of 32-value weighted medians per query. Ablate by setting QUERY_CONFIDENCE_WEIGHT to 1.0, exactly recovering the frontier estimator; setting it to 0 independently recovers the measured exclusion endpoint.	original
232	8bb7211ce4675b5b6ed67ad4e133fdea72d37fc3	17.329342		1.372	111.6	discard			low	Give the query three-quarter weight only in the third-refinement thin-sheet confidence statistic	The query is its own zero-distance neighbor and therefore has maximum influence on the 32-neighbor weighted-MAD thickness used to accept a third redescending fit, even though query displacement is part of the positional noise being diagnosed. Fully excluding it and the measured half-weight midpoint made confidence too conservative for clean, low-noise, high-noise, and gradient patches, while half weight still improved medium noise and stripe sampling. Using the untested midpoint 0.75 should retain a smaller reduction in optimistic self-influence, potentially improving medium noise and stripe with less regression on clean, low, high, and gradient conditions. The Tukey fit remains unchanged; only an independently recomputed gate statistic changes, at the cost of two additional 32-value weighted medians per query. Ablate by setting QUERY_CONFIDENCE_WEIGHT to 1.0, exactly recovering the frontier estimator; 0.5 independently recovers the preceding measured endpoint.	original
233	4e141b5d6f8a2a7d2c0349037e44cf669bca790e	17.329674		1.365	97.5	discard			baseline	Give the query seven-eighths weight only in the third-refinement thin-sheet confidence statistic	The query is its own zero-distance neighbor and therefore has maximum influence on the 32-neighbor weighted-MAD thickness used to accept a third redescending fit, even though query displacement is part of the positional noise being diagnosed. Full, half, and three-quarter query-weight probes establish a smooth confidence trade-off: reducing self-influence improves medium noise and stripe sampling, while too much reduction makes the gate conservative and regresses clean, high-noise, and gradient patches. The untested midpoint 0.875 should retain smaller medium-noise and stripe gains with less clean, high-noise, and gradient regression than 0.75. The Tukey fit itself remains unchanged; only an independently recomputed gate statistic changes, at the cost of two 32-value weighted medians per query. Ablate by setting QUERY_CONFIDENCE_WEIGHT to 1.0, exactly recovering the frontier estimator; 0.75 independently recovers the preceding endpoint.	original
234	3d8b713c400b114fffd7c60edffa74c3890d9238	17.329945		1.361	97.5	discard			baseline	Give the query fifteen-sixteenths weight only in the third-refinement thin-sheet confidence statistic	The query is its own zero-distance neighbor and therefore has maximum influence on the 32-neighbor weighted-MAD thickness used to accept a third redescending fit, even though query displacement is part of the positional noise being diagnosed. Full, one-half, three-quarter, and seven-eighths query-weight probes show a smooth trade-off: reducing self-influence improves low/medium noise and stripe sampling, but excessive reduction makes the gate conservative and regresses clean, high-noise, and gradient patches. The untested midpoint 15/16 should preserve smaller low/medium-noise and stripe gains while reducing the clean, high-noise, and gradient regressions seen at 7/8. The Tukey fit remains unchanged; only an independently recomputed confidence median and MAD change, costing two 32-value weighted-median sorts per query. Ablate by setting QUERY_CONFIDENCE_WEIGHT to 1.0, exactly recovering the frontier estimator; setting it to 0.875 independently recovers the preceding endpoint.	original
235	03fd82909fcb604b3f983789d503ea7010c5c264	17.320824		1.316	113.5	discard			baseline	Relax the third-refinement sheet-thickness gate from 0.10 to 0.1125 local radii	The gated third Tukey fit removes residual curvature, asymmetric-density, and outlier leverage, but the retained weighted-MAD thickness boundary sigma / r_112 <= 0.10 can reject moderately thick coherent sheets that would benefit from one more robust correction. The measured 0.125 boundary improved clean, low-noise, stripe, and gradient accuracy but slightly reduced medium/high-noise support, so 0.1125 is the untested midpoint that should recover part of those geometry-sensitive gains while admitting fewer noise-dominated patches than 0.125. Medium and high noise may still regress because accepted patches undergo another redescending fit. This changes one dimensionless scalar with no runtime or asymptotic cost. Ablate by restoring the threshold to 0.10, exactly recovering the validated frontier; comparison with 0.125 independently isolates the midpoint choice.	original
236	957eefcd336390c797ad1cc35204b383d0792286	17.327213		1.346	113.5	discard			baseline	Relax the third-refinement sheet-thickness gate from 0.10 to 0.10625 local radii	The gated third Tukey fit removes residual curvature, asymmetric-density, and outlier leverage, but the retained weighted-MAD thickness boundary sigma / r_112 <= 0.10 can reject slightly thicker coherent sheets that would benefit from one more robust correction. The measured 0.1125 boundary improved clean, low-noise, stripe, and gradient accuracy but slightly reduced medium/high-noise support, so 0.10625 is the untested midpoint intended to retain part of those geometry-sensitive gains while admitting fewer noise-dominated patches. Medium and high noise may still regress because accepted patches undergo another redescending fit, but less than at 0.1125. This changes one dimensionless scalar with no runtime or asymptotic cost. Ablate by restoring the threshold to 0.10, exactly recovering the validated frontier; comparison with 0.1125 independently isolates the midpoint choice. The ordered quadratic-jet retry remains skipped because its prior prediction failure has no precise diagnostic to address.	original
237	3e351a2c353ed7fda16243c7f3877d4dbe23b342	17.360576		1.381	105.1	discard			baseline	Estimate the gated third Tukey refinement's residual location and scale from 64 rather than 32 neighbors	The optional third refinement currently estimates its weighted residual median, MAD thickness, Tukey rejection, and acceptance confidence from only 32 samples. That highly local core reduces curvature and density bias, but its statistics can be noisy enough to misclassify a patch as a thin coherent sheet and then form an under-supported redescending covariance. Using 64 neighbors only for the third-pass residual reference should stabilize the median, scale, and gate, improving medium- and high-noise conditions; clean, low-noise, stripe, and gradient conditions may regress if the broader statistic absorbs curvature or asymmetric-density variation and preserves biased samples. Covariance support, Gaussian bandwidth, cutoffs, and all eigendecompositions remain unchanged; the cost is sorting 64 instead of 32 values in the third pass. Ablate by restoring THIRD_STATISTIC_COUNT to 32, exactly recovering the validated frontier estimator. This parameter probe is chosen because the ordered quadratic-jet retry remains blocked by its prediction crash without a precise diagnostic.	original
238	a4c1d22ec24422fae4c5345f41fe2a3108146865	17.344392		1.4	97.6	discard			baseline	Estimate the gated third Tukey refinement's residual statistics from 48 rather than 32 neighbors	The optional third refinement estimates its weighted residual median, MAD thickness, Tukey rejection, and thin-sheet confidence from only 32 samples, so noise in those statistics can admit an under-supported redescending covariance. The measured 64-neighbor statistic core improved medium and high noise but broadened the reference enough to worsen clean, low-noise, stripe, and gradient geometry; 48 neighbors is the untested midpoint intended to recover part of that statistical stability with less curvature and asymmetric-density bias. Medium and high noise should improve, while clean, low-noise, stripe, and gradient may regress modestly. Covariance support, Gaussian bandwidth, cutoffs, and eigendecomposition count are unchanged; the cost is sorting 48 rather than 32 residuals only in the third pass. Ablate by restoring THIRD_STATISTIC_COUNT to 32, exactly recovering the validated frontier estimator; comparison with 64 independently isolates the midpoint.	original
239	2d140aec0b56d866fd2845f9a2407ef82289f12d	17.340841		1.348	97.4	discard			baseline	Estimate gated third-pass Tukey residual statistics from 40 rather than 32 neighbors	The optional third refinement estimates its weighted residual median, MAD thickness, redescending weights, and thin-sheet confidence from only 32 samples, so noise in that small core can admit an under-supported covariance; however, the measured 48- and 64-neighbor cores improved low/medium/high noise while broadening the reference enough to harm clean, stripe, and gradient geometry. Forty neighbors is the next untested midpoint between the retained 32 core and measured 48 core. It should recover some noisy-condition stability with less curvature and asymmetric-density bias than 48, while clean, stripe, and gradient may still regress modestly. Covariance support, Gaussian bandwidth, Tukey cutoffs, and eigendecomposition count are unchanged; the cost is sorting 40 rather than 32 residuals only in the third pass. Ablate by restoring THIRD_STATISTIC_COUNT to 32, exactly recovering the validated frontier; comparison with 48 independently isolates this parameter choice.	original
240	38cef64e205e0c0f83b36143b40cfdfb782fd0c3	17.333056		1.338	97.3	discard			baseline	Estimate gated third-pass Tukey residual statistics from 36 rather than 32 neighbors	The optional third refinement estimates its weighted residual median, MAD thickness, redescending weights, and thin-sheet confidence from only 32 samples, so noise in that small core can admit an under-supported covariance. Measured 40-, 48-, and 64-neighbor cores improved medium and high noise but increasingly broadened the reference enough to harm clean, stripe, and gradient geometry; 36 neighbors is the next untested midpoint between the retained 32 core and measured 40 core. It should recover a smaller amount of medium/high-noise stability with less curvature and asymmetric-density bias than 40, while clean, low-noise, stripe, and gradient may still regress slightly. Covariance support, Gaussian bandwidth, Tukey cutoffs, and eigendecomposition count are unchanged; the cost is sorting 36 rather than 32 residuals only in the third pass. Ablate by restoring THIRD_STATISTIC_COUNT to 32, exactly recovering the validated frontier; comparison with 40 independently isolates this parameter choice.	original
241	d6d111b274f06bef80d150b996525f34d624ddb2	17.335595		1.305	97.3	discard			baseline	Estimate gated third-pass Tukey residual statistics from 34 rather than 32 neighbors	The optional third refinement estimates its weighted residual median, MAD thickness, redescending weights, and thin-sheet confidence from only 32 samples, so noise in that small core can admit an under-supported covariance. Measured 36-, 40-, 48-, and 64-neighbor cores improved medium and high noise but increasingly broadened the reference enough to harm clean, stripe, and gradient geometry; 34 neighbors is the next untested midpoint between the retained 32 core and measured 36 core. It should recover a smaller amount of low/medium/high-noise stability with less curvature and asymmetric-density bias than 36, while clean, stripe, and gradient may still regress slightly. Covariance support, Gaussian bandwidth, Tukey cutoffs, and eigendecomposition count are unchanged; the cost is sorting 34 rather than 32 residuals only in the third pass. Ablate by restoring THIRD_STATISTIC_COUNT to 32, exactly recovering the validated frontier; comparison with 36 independently isolates this parameter choice. The ordered quadratic-jet retry remains skipped because its prior prediction failure has no precise diagnostic to address.	original
242	09a35c0a3f27db38fc5d52deedd12de525ae1213	17.33031		1.329	105.4	discard			baseline	Estimate gated third-pass Tukey residual statistics from 33 rather than 32 neighbors	The optional third refinement estimates its weighted residual median, MAD thickness, redescending weights, and thin-sheet confidence from only 32 samples, so noise in that small core can admit an under-supported covariance. Measured cores of 34, 36, 40, 48, and 64 neighbors improved medium and high noise but increasingly broadened the reference enough to harm clean, stripe, and gradient geometry; 33 neighbors is the final untested one-sample midpoint between the retained 32 core and measured 34 core. It should recover a minimal amount of medium/high-noise statistical stability with less curvature and asymmetric-density bias than 34, while clean, low-noise, stripe, and gradient may regress slightly. Covariance support, Gaussian bandwidth, Tukey cutoffs, and eigendecomposition count are unchanged; the cost is sorting one additional residual only in the third pass. Ablate by restoring THIRD_STATISTIC_COUNT to 32, exactly recovering the validated frontier; comparison with 34 independently isolates this parameter choice. The ordered quadratic-jet retry remains skipped because its prior prediction failure has no precise diagnostic to address.	original
243	8712f8dea70d2b4201257bef0dbf858f79d1f494	17.33423		1.331	97.6	discard			low	Estimate the gated third-pass Tukey residual median from 32 neighbors and MAD scale from 48 neighbors	The optional third refinement needs a query-local residual center to avoid curvature and asymmetric-density bias, but estimating its MAD from the same 32 samples can make the thickness gate and redescending cutoff noisy. Keep the Gaussian-weighted median on the nearest 32 residuals, estimate sigma = 1.4826 weighted_median(|e - m_32|) from the nearest 48, and apply the resulting Tukey weights to all 128 covariance samples. The completed 33-to-64 joint-statistic sweep consistently found small medium/high-noise gains from additional samples but geometry losses from broadening both statistics; separating the roles should retain the local center while stabilizing scale. Low, medium, and high noise should improve; clean, stripe, and gradient may regress if the broader MAD absorbs curvature and suppresses useful third-step corrections. The cost is a 48-value scale sort instead of 32 values, with unchanged covariance support and eigendecomposition count. Ablate by setting THIRD_SCALE_COUNT to 32, exactly recovering the validated frontier. The ordered quadratic-jet retry remains skipped because its prior prediction crash has no precise diagnostic to address.	original
244	b491d23f3dbf9dd16e2637c4d8c12f6fb65c6518	17.345937		1.35	97.6	discard			low	Estimate the gated third-pass Tukey residual median from 48 neighbors while retaining the 32-neighbor MAD scale	The optional third refinement currently estimates both residual location and scale from 32 samples. That local center limits curvature and asymmetric-density bias, but it may be noisy enough to miscenter Tukey rejection and the thin-sheet decision. The completed joint-statistic sweep found small medium/high-noise gains from broader cores, and the immediately preceding scale-only broadening improved low, medium, and high noise while regressing clean, stripe, and gradient; this complementary ablation tests whether stabilizing location supplies those gains independently. Compute the Gaussian-weighted residual median m from 48 neighbors, retain sigma = 1.4826 weighted_median(|e - m|) on the nearest 32, and apply the resulting weights to all 128 covariance samples. Low, medium, and high noise may improve through a stabler center; clean, stripe, and gradient may regress if the broader median follows curvature or density bias. The cost is a 48-value location sort instead of 32 values, with unchanged covariance support and eigendecomposition count. Ablate by setting THIRD_LOCATION_COUNT to 32, exactly recovering the validated frontier. The ordered quadratic-jet retry remains skipped because its prior prediction crash has no precise diagnostic to address.	original
245	bc578343640a2e7f142414471dcedbff79ba1576	17.32896		1.344	97.5	discard			baseline	Estimate the gated third-pass Tukey residual median from 32 neighbors and MAD scale from 40 neighbors	The optional third refinement needs a query-local residual center to limit curvature and asymmetric-density bias, while estimating MAD from the same 32 samples can make its thickness confidence and rejection cutoff noisy. The measured 48-neighbor scale-only probe improved low-, medium-, and high-noise conditions but regressed clean, stripe, and gradient geometry; 40 neighbors is the untested midpoint intended to retain part of that scale stability with less broad-patch bias. Keep the Gaussian-weighted median on 32 residuals, compute sigma = 1.4826 weighted_median(|e - m_32|) on 40 residuals, and apply the resulting Tukey weights to all 128 covariance samples. Low, medium, and high noise should improve; clean, stripe, and gradient may regress, but less than with the 48-neighbor scale. The cost is sorting 40 rather than 32 values only for the third-pass MAD. Ablate by setting THIRD_SCALE_COUNT to 32, exactly recovering the validated frontier estimator.	original
246	0b2042e859336037a1b06b14b416a62ec83f1e26	17.327019		1.311	113.4	discard			baseline	Estimate the gated third-pass Tukey residual median from 32 neighbors and MAD scale from 36 neighbors	The optional third refinement needs a query-local 32-neighbor residual center to limit curvature and asymmetric-density bias, but estimating MAD from the same small core can make its thin-sheet confidence and rejection cutoff noisy. The measured 40-neighbor scale-only probe improved clean, low-, medium-, and high-noise conditions but regressed stripe and gradient geometry; 36 neighbors is the untested midpoint between that probe and the retained 32-neighbor scale. Keep the Gaussian-weighted median on 32 residuals, compute sigma = 1.4826 weighted_median(|e - m_32|) on 36 residuals, and apply the resulting Tukey weights to all 128 covariance samples. Low, medium, and high noise should improve through a stabler scale; clean should remain near the frontier, while stripe and gradient may regress through broader-patch bias, but less than with 40 samples. The cost is sorting 36 rather than 32 values only for the third-pass MAD. Ablate by setting THIRD_SCALE_COUNT to 32, exactly recovering the validated frontier estimator.	original
247	cfc8faac39200b5fd01dd2620a2f9ea12f425788	17.329056		1.349	98.6	discard			baseline	Estimate the gated third-pass Tukey residual median from 32 neighbors and MAD scale from 34 neighbors	The optional third refinement needs a query-local 32-neighbor residual center to limit curvature and asymmetric-density bias, but estimating MAD from the same small core can make its thin-sheet confidence and rejection cutoff noisy. The measured 36- and 40-neighbor scale-only probes improved clean, low-, medium-, and high-noise conditions but slightly regressed stripe and gradient geometry; 34 neighbors is the next untested midpoint between the retained 32-neighbor scale and the measured 36-neighbor scale. Keep the Gaussian-weighted median on 32 residuals, compute sigma = 1.4826 weighted_median(|e - m_32|) on 34 residuals, and apply the resulting Tukey weights to all 128 covariance samples. Low, medium, and high noise should improve through a stabler scale; clean should remain near the frontier, while stripe and gradient may regress slightly through broader-patch bias, but less than with 36 samples. The cost is sorting 34 rather than 32 values only for the third-pass MAD. Ablate by setting THIRD_SCALE_COUNT to 32, exactly recovering the validated frontier estimator.	original
248	ce61e35c364673482d3e3bda541ce9cc64b3a637	17.329052		1.324	97.5	discard			baseline	Estimate the gated third-pass Tukey residual median from 32 neighbors and MAD scale from 33 neighbors	The optional third refinement needs a query-local 32-neighbor residual center to limit curvature and asymmetric-density bias, but estimating MAD from exactly the same small core can make its thin-sheet confidence and rejection cutoff noisy. The measured 34-, 36-, and 40-neighbor scale-only probes show that modest scale broadening can improve clean and medium/high-noise accuracy, although broader scales can regress stripe and gradient geometry; 33 neighbors is the next untested minimal increment and isolates whether one extra residual adds useful scale stability without materially broadening the robust reference. Keep the Gaussian-weighted median on 32 residuals, compute sigma = 1.4826 weighted_median(|e - m_32|) on 33 residuals, and apply the resulting Tukey weights to all 128 covariance samples. Medium and high noise should improve slightly; clean and low noise should remain near the frontier, while stripe and gradient may regress slightly if the extra sample carries neighborhood bias. The cost is sorting one additional value only for the third-pass MAD. Ablate by setting THIRD_SCALE_COUNT to 32, exactly recovering the validated frontier estimator.	original
249	ea27c9c838157b247db40e66060fa0bccdcdd0c6	17.329164		1.328	97.6	discard			baseline	Estimate the gated third-pass Tukey residual median from 32 neighbors and MAD scale from 31 neighbors	The completed third-pass scale sweep found that broadening MAD beyond the query-local 32-neighbor core can stabilize medium/high-noise estimates but repeatedly introduces stripe and gradient neighborhood bias; the ordered quadratic-jet item remains blocked because its prediction crash has no precise diagnostic to address. This untested opposite parameter direction keeps the residual center on 32 neighbors but estimates sigma = 1.4826 weighted_median(|e - m_32|) from the nearest 31, preventing the outermost core residual from inflating the Tukey cutoff and thin-sheet confidence under curvature or asymmetric density. Clean, stripe, and gradient conditions should improve through a slightly more local scale; low, medium, and high noise may regress because one fewer residual makes MAD less stable and can reduce effective support. The cost is sorting one fewer value only for the third-pass MAD, with unchanged covariance support and eigendecomposition count. Ablate by setting THIRD_SCALE_COUNT to 32, exactly recovering the validated frontier estimator.	original
250	784a6253f87ea91512174f0a441b18d0dacbfd79	17.331108		1.304	97.6	discard			baseline	Estimate the gated third-pass Tukey residual median from 32 neighbors and MAD scale from 30 neighbors	The completed upward scale sweep showed that broadening the third-pass MAD beyond its query-local 32-neighbor center can stabilize noisy estimates but repeatedly introduces stripe and gradient neighborhood bias; the first opposite probe at 31 neighbors modestly improved clean, medium-noise, and stripe accuracy while regressing low noise, high noise, and gradient. This next untested scale anchor keeps the residual location on 32 neighbors but estimates sigma = 1.4826 weighted_median(|e - m_32|) from the nearest 30, further limiting curvature- or asymmetric-density-inflated residuals from widening the Tukey cutoff and thin-sheet gate. Clean and stripe should improve if additional locality dominates, and medium noise may retain the 31-neighbor gain; low noise, high noise, and gradient may regress because two fewer residuals make MAD less stable and can reduce effective covariance support. The cost is sorting two fewer values only for the third-pass MAD, with unchanged covariance support and eigendecomposition count. Ablate by setting THIRD_SCALE_COUNT to 32, exactly recovering the validated frontier estimator. The ordered quadratic-jet retry remains skipped because its prior prediction failure has no precise diagnostic to address.	original
251	eb39a6d7d6ae0e8f9a939a07f5f99cf61b78784a	17.326848		1.337	113.8	discard			baseline	Estimate the gated third-pass Tukey residual median from 32 neighbors and MAD scale from 28 neighbors	The completed upward scale sweep showed that broadening the third-pass MAD beyond its query-local 32-neighbor center can stabilize noise but introduces stripe and gradient neighborhood bias, while the first downward anchors at 31 and 30 neighbors exposed the opposite locality-versus-stability trade-off. This next untested scale anchor keeps the residual location on 32 neighbors but estimates sigma = 1.4826 weighted_median(|e - m_32|) from the nearest 28, further preventing curvature- or asymmetric-density-inflated outer residuals from widening the Tukey cutoff and thin-sheet gate. Clean, stripe, and gradient may improve if scale locality dominates; low, medium, and high noise may regress because four fewer residuals make MAD less stable and can reduce effective covariance support. The cost is sorting four fewer values only for the third-pass MAD, with unchanged covariance support and eigendecomposition count. Ablate by setting THIRD_SCALE_COUNT to 32, exactly recovering the validated frontier estimator. The ordered quadratic-jet retry remains skipped because its prior prediction failure has no precise diagnostic to address.	original
252	2c5bc97c65ea9f56713f8e8dc92f1f3f691a81ff	17.324242		1.329	97.5	discard			baseline	Estimate the gated third-pass Tukey residual median from 32 neighbors and MAD scale from 24 neighbors	The third-pass residual median should remain stable on its retained 32-neighbor core, but curvature or asymmetric density near that core boundary can inflate the MAD, widen the Tukey rejection band, and make the thin-sheet gate overly permissive. The measured 28-neighbor scale improved clean, low-noise, medium-noise, and stripe conditions while only high noise and gradient regressed, so 24 is the next untested scale anchor in the same locality direction. Keep the residual location on 32 neighbors but compute sigma = 1.4826 weighted_median(|e - m_32|) from the nearest 24, then use that sigma for third-pass Tukey weights and gating. Clean, low-noise, medium-noise, and stripe conditions should improve if the measured 28-neighbor locality trend continues; high noise and gradient may regress because the smaller scale sample is less stable and can reduce effective covariance support. The cost is sorting eight fewer residuals only for the third-pass MAD, with unchanged covariance support and eigendecomposition count. Ablate by setting THIRD_SCALE_COUNT to 32, exactly recovering the validated frontier estimator.	original
253	9bf5f47a47884746c5b9156e2b0a5981122cda7c	17.323119		1.316	113.6	discard			baseline	Estimate the gated third-pass Tukey residual median from 32 neighbors and MAD scale from 16 neighbors	The third-pass residual median remains on its stable 32-neighbor core, but curvature or asymmetric density near that core's boundary can inflate MAD, widen the Tukey rejection interval, and make the thin-sheet gate overly permissive. The measured 24-neighbor scale improved clean, low-noise, stripe, and gradient conditions while regressing medium and high noise, so 16 is the next untested locality anchor. Keep the location at 32 neighbors but compute sigma = 1.4826 weighted_median(|e - m_32|) from the nearest 16, then use that sigma for third-pass Tukey weights and gating. Clean, low-noise, stripe, and gradient should improve if stronger scale locality further suppresses curvature and density bias; medium and high noise may regress because a 16-sample MAD is less stable and can reduce effective covariance support. The cost is sorting fewer residuals with unchanged covariance support and eigendecomposition count. Ablate by setting THIRD_SCALE_COUNT to 32, exactly recovering the validated frontier estimator.	original
254	0774254849f220f9b4a73118b53674196a680e12	17.354662		1.43	113.6	discard			baseline	Estimate the gated third-pass Tukey residual median from 32 neighbors and MAD scale from 8 neighbors	Curvature or asymmetric density near the boundary of the 32-neighbor residual core can inflate the third-pass MAD, widening both the Tukey rejection interval and the thin-sheet acceptance gate. The measured reductions from 32 to 24 and 16 scale samples improved clean, low-noise, stripe, and gradient accuracy while trading away medium/high-noise stability, so 8 neighbors is the next untested scale anchor in that locality direction. Keep the residual location on 32 neighbors, but compute sigma = 1.4826 weighted_median(|e - m_32|) from the nearest 8 and use it for third-pass rejection and gating. Clean, low-noise, stripe, and gradient should improve through lower curvature and density bias; medium and high noise may regress because an 8-sample MAD is less stable and can reduce effective covariance support. The cost is a smaller sort with unchanged covariance support and eigendecomposition count. Ablate by setting THIRD_SCALE_COUNT to 32, exactly recovering the validated frontier estimator.	original
255	d8a1a8860a3c7c8f7277c99175404a05e01e00af	17.330355		1.3	97.5	discard			baseline	Estimate the gated third-pass Tukey residual median from 32 neighbors and MAD scale from 12 neighbors	The third-pass residual center benefits from its stable 32-neighbor core, but curvature or asymmetric density near that core boundary can inflate MAD, widen the Tukey rejection interval, and make the thin-sheet gate overly permissive. The measured 16-neighbor scale improved clean, low-noise, stripe, and gradient conditions but regressed medium and high noise, whereas reducing it further to 8 neighbors destabilized all but low noise; 12 is the next untested midpoint and should retain part of the 16-neighbor reduction in curvature and density bias with less scale variance than 8. Clean, low-noise, stripe, and gradient should improve relative to the frontier if locality dominates; medium and high noise may regress because a 12-sample MAD is less stable and can reduce effective covariance support. The cost is sorting fewer residuals with unchanged covariance support and eigendecomposition count. Ablate by setting THIRD_SCALE_COUNT to 32, exactly recovering the validated frontier estimator; comparisons with 8 and 16 independently isolate this midpoint.	original
256	3c7a3c8ef736ab215d6bce6678e756c0fa2c8116	17.327579		1.307	113.6	discard			baseline	Estimate the gated third-pass Tukey residual median from 32 neighbors and MAD scale from 14 neighbors	The third-pass residual center benefits from a stable 32-neighbor core, but curvature or asymmetric density near that core boundary can inflate MAD, widen the Tukey rejection interval, and make the thin-sheet gate overly permissive. The measured 16-neighbor scale improved clean, low-noise, stripe, and gradient conditions while regressing medium and high noise, whereas 12 neighbors preserved those geometry-sensitive gains but caused substantially larger noisy-condition regressions; 14 is the next untested midpoint. Keep the weighted residual median on 32 neighbors, compute sigma = 1.4826 weighted_median(|e - m_32|) from the nearest 14, and use it for third-pass Tukey weighting and gating. Clean, low-noise, stripe, and gradient should improve through lower curvature and density bias; medium and high noise may regress because the smaller MAD sample is less stable, but should lose less stability than at 12. The cost is sorting fewer residuals with unchanged covariance support and eigendecomposition count. Ablate by setting THIRD_SCALE_COUNT to 32, exactly recovering the validated frontier; settings 12 and 16 independently bracket this parameter.	original
257	2d884507a5bd05ff82c91fea09e6b3c4b6f5bbf9	17.327728		1.347	113.5	discard			baseline	Estimate the gated third-pass Tukey residual median from 32 neighbors and MAD scale from 15 neighbors	Curvature or asymmetric density near the boundary of the stable 32-neighbor residual-location core can inflate the third-pass MAD, widen the Tukey rejection interval, and make the thin-sheet gate overly permissive. The measured 16-neighbor scale improved clean, low-noise, stripe, and gradient conditions while regressing medium and high noise; the measured 14-neighbor scale preserved those geometry-sensitive gains but produced larger noisy-condition losses. Using the untested midpoint of 15 samples for sigma = 1.4826 weighted_median(|e - m_32|) should retain locality against curvature and density bias while being more statistically stable than 14. Clean, low-noise, stripe, and gradient should improve; medium and high noise may regress because the smaller MAD sample can reduce effective covariance support, but should regress less than at 14. The cost is only sorting fewer residuals, with unchanged covariance support and eigendecomposition count. Ablate by setting THIRD_SCALE_COUNT to 32, exactly recovering the validated frontier; settings 14 and 16 independently bracket this parameter.	original
258	e19a4313173748e40fd81166669761cd27272b93	17.323664		1.323	97.5	discard			baseline	Estimate the gated third-pass Tukey residual median from 32 neighbors and MAD scale from 20 neighbors	Curvature or asymmetric density near the boundary of the stable 32-neighbor residual-location core can inflate the third-pass MAD, widen Tukey's rejection interval, and make the thin-sheet gate overly permissive. The measured 24- and 16-neighbor scale probes both improved clean, low-noise, stripe, and gradient accuracy, while 16 incurred substantially larger medium/high-noise losses; 20 is the next untested midpoint. Keep the weighted residual median on 32 neighbors, compute sigma = 1.4826 weighted_median(|e - m_32|) from the nearest 20, and use it for third-pass Tukey weighting and gating. Clean, low-noise, stripe, and gradient should improve through lower curvature and density bias; medium and high noise may regress because the smaller MAD sample is less stable, but should retain more support than at 16. The cost is sorting fewer residuals with unchanged covariance support and eigendecomposition count. Ablate by setting THIRD_SCALE_COUNT to 32, exactly recovering the validated frontier; settings 16 and 24 independently bracket this parameter.	original
259	e191946976a6a84dd3ee8a4cd9bff3b5664a40a7	17.324954		1.301	106.2	discard			baseline	Estimate the gated third-pass Tukey residual median from 32 neighbors and MAD scale from 22 neighbors	Curvature or asymmetric density near the boundary of the stable 32-neighbor residual-location core can inflate the third-pass MAD, widen Tukey's rejection interval, and make the thin-sheet gate overly permissive. The measured 20- and 24-neighbor scale probes both improved clean, low-noise, and stripe accuracy while regressing medium and high noise; 22 is the next untested midpoint. Keep the Gaussian-weighted residual median on 32 neighbors, compute sigma = 1.4826 weighted_median(|e - m_32|) from the nearest 22, and use it for third-pass Tukey weighting and gating. Clean, low-noise, and stripe conditions should improve through lower curvature and density bias; gradient may remain near neutral between the measured endpoints, while medium and high noise may regress because the smaller MAD sample is less stable and can reduce effective covariance support. The cost is sorting fewer residuals with unchanged covariance support and eigendecomposition count. Ablate by setting THIRD_SCALE_COUNT to 32, exactly recovering the validated frontier; settings 20 and 24 independently bracket this parameter.	original
260	f037e3036d7a4be9f86696cc6f93d504b086774c	17.328802		1.308	97.6	discard			baseline	Estimate the gated third-pass Tukey residual median from 32 neighbors and MAD scale from 23 neighbors	Curvature or asymmetric density near the boundary of the stable 32-neighbor residual-location core can inflate the third-pass MAD, widen Tukey's rejection interval, and make the thin-sheet gate overly permissive. The measured 22- and 24-neighbor scale probes both improved clean, low-noise, and stripe accuracy while regressing medium and high noise; 23 is their untested midpoint. Keep the Gaussian-weighted residual median on 32 neighbors, compute sigma = 1.4826 weighted_median(|e - m_32|) from the nearest 23, and use it for third-pass Tukey weighting and gating. Clean, low-noise, and stripe conditions should improve through lower curvature and density bias; gradient should remain near neutral between the measured endpoints, while medium and high noise may regress because the smaller MAD sample is less stable and can reduce effective covariance support. The cost is sorting fewer residuals with unchanged covariance support and eigendecomposition count. Ablate by setting THIRD_SCALE_COUNT to 32, exactly recovering the validated frontier; settings 22 and 24 independently bracket this parameter.	original
261	b65713eedd74202952c97aed17bcab25e9f1b2fc	17.32634		1.334	113.5	discard			baseline	Estimate the gated third-pass Tukey residual median from 32 neighbors and MAD scale from 21 neighbors	Curvature or asymmetric density near the boundary of the stable 32-neighbor residual-location core can inflate the third-pass MAD, widen Tukey's rejection interval, and make the thin-sheet gate overly permissive. The measured 20- and 22-neighbor scale probes both improved clean, low-noise, and stripe accuracy while regressing medium and high noise; 21 is their untested midpoint. Keep the Gaussian-weighted residual median on 32 neighbors, compute sigma = 1.4826 weighted_median(|e - m_32|) from the nearest 21, and use it for third-pass Tukey weighting and gating. Clean, low-noise, and stripe conditions should improve through lower curvature and density bias; gradient may regress slightly, while medium and high noise may regress because the smaller MAD sample is less stable and can reduce effective covariance support. The cost is sorting fewer residuals with unchanged covariance support and eigendecomposition count. Ablate by setting THIRD_SCALE_COUNT to 32, exactly recovering the validated frontier; settings 20 and 22 independently bracket this parameter.	original
262	186b69b8b3ae9b7b9a079e3ef1934d2160068c8c	17.436978		1.317	105.8	discard			medium	Require a material robust residual offset before accepting the thin-sheet third Tukey refinement	The retained thickness gate shows that a third redescending fit helps coherent geometry, but thinness alone does not show that the current two-step plane is biased: on a thin sheet whose weighted residual median is already near zero, another fit can only perturb the tangent and reduce effective noise-averaging support. In addition to sigma / r_112 <= 0.10, accept the third normal only when |m| / sigma >= 0.25, where m and sigma are the existing 32-neighbor Gaussian-weighted residual median and MAD scale. This dimensionless condition reserves robust recentering for a coherent sheet materially displaced by curvature, asymmetric density, or outliers. Medium and high noise should improve by avoiding unnecessary third fits; clean, low-noise, stripe, and gradient may regress when useful angular corrections have little median offset. The cost is one absolute value and comparison per query, with no new fit or statistic. Ablate by setting THIRD_REFINEMENT_MIN_OFFSET to zero, exactly recovering the validated thickness-only gate.	original
263	3c326ccbda0c3a9b80a53a63337a6b6f769609fe	17.331623		1.331	105.7	discard			medium	Accept the thin-sheet third Tukey refinement only when consecutive normal corrections have consistent direction	The retained thickness gate identifies coherent sheets where a third redescending fit can remove curvature, asymmetric-density, and outlier bias, but it still accepts some noise-driven updates that reduce effective support. After sign-aligning the normals, require (n2 - n1) dot (n3 - n2) > 0 in addition to sigma / r112 <= 0.10: a persistent geometric bias should drive successive IRLS corrections in the same tangent direction, whereas noise-induced corrections are more likely to reverse or oscillate. Medium and high noise should improve by rejecting oscillatory third updates; clean, low-noise, stripe, and gradient conditions should retain corrections that converge consistently, but may regress when a useful nonlinear correction reverses direction. The cost is sign alignment and two vector differences and dot products per query, with no additional fit. Ablate by removing the directional-consistency condition, exactly recovering the validated thickness-only gate.	original
264						crash	quality.ruff-fix	Ruff exited with status 1	medium	Accept the thin-sheet third Tukey refinement only when it improves the normal eigengap	The retained thickness gate identifies coherent sheets where a third redescending fit can remove curvature, asymmetric-density, and outlier leverage, but it can still accept noise-driven fits whose reduced support leaves the normal direction poorly identified. In addition to sigma / r_112 <= 0.10, accept the third normal only when its covariance decreases the dimensionless ambiguity lambda_0 / lambda_1 relative to the two-step covariance. This requires the extra fit to sharpen separation between normal and tangent variation rather than merely rotate an uncertain estimate. Medium and high noise should improve by rejecting refinements that weaken normal identifiability; clean, low-noise, stripe, and gradient conditions should retain corrections that clarify a tangent, but may regress when a useful curvature correction slightly worsens the eigengap. The cost is retaining two eigenvalue ratios and one comparison per query, with no additional fit. Ablate by removing the eigengap-improvement condition, exactly recovering the validated thickness-only gate. The ordered quadratic-jet retry remains skipped because its prior prediction crash has no precise diagnostic to address.	original
265	ce1428289c8393a1bf5e0b7972ececd58d87702d	17.334714		1.325	97.5	discard			medium	Accept the thin-sheet third Tukey refinement only when it improves the normal eigengap	The retained thickness gate identifies coherent sheets where a third redescending fit can remove curvature, asymmetric-density, and outlier leverage, but it can still accept noise-driven fits whose reduced support leaves the normal direction poorly identified. In addition to sigma / r_112 <= 0.10, accept the third normal only when its covariance decreases the dimensionless ambiguity lambda_0 / lambda_1 relative to the two-step covariance. This requires the extra fit to sharpen separation between normal and tangent variation rather than merely rotate an uncertain estimate. Medium and high noise should improve by rejecting refinements that weaken normal identifiability; clean, low-noise, stripe, and gradient conditions should retain corrections that clarify a tangent, but may regress when a useful curvature correction slightly worsens the eigengap. The cost is retaining two eigenvalue ratios and one comparison per query, with no additional fit. Ablate by removing the eigengap-improvement condition, exactly recovering the validated thickness-only gate. This retries iteration 264 because it failed during Ruff processing before measurement, so the conceptual hypothesis remains untested.	original
266	3350a33fbd2e2a458a9d97a1798cbc6654660d7d	17.365505		1.47	113.7	discard			medium	Require split-half normal stability before accepting the thin-sheet third Tukey refinement	The retained thickness gate can accept a third redescending fit on a coherent-looking but noise-limited patch, while the rejected eigengap gate measures only one covariance and cannot reveal sampling instability. Split the third-pass weighted patch into deterministic rank-interleaved halves, fit one PCA normal to each, and accept the thin-sheet update only when their sign-invariant disagreement angle is smaller than the proposed two-step-to-three-step correction angle. The correction is then geometrically resolvable beyond a direct local perturbation estimate rather than merely rotating within sampling uncertainty. Medium and high noise should improve by rejecting unstable extra fits; clean, low-noise, stripe, and gradient should retain stable curvature-, density-, and outlier-bias corrections, but may regress when a useful small correction is below split-half uncertainty. The cost is two additional 3-by-3 eigendecompositions per query. Ablate by removing the split-half comparison, exactly recovering the validated thickness-only gate.	original
267	4820c762177adc9ca86ad7697697ff11e9ce8fa1	17.341269		1.323	114.4	discard			low	Shrink the gated third-pass robust covariance 10% toward the preceding two-step covariance	The thin-sheet gate permits a third redescending fit where curvature, density bias, or outliers may remain, but Tukey rejection can reduce effective support enough that its covariance becomes noisy; recent eigengap and split-half acceptance gates protected medium/high noise only by discarding too many useful clean-geometry corrections. For the already-computed third fit, diagonalize C = 0.9 C3 + 0.1 C2 instead of C3, where C2 is the preceding 128-neighbor robust covariance. This standard covariance shrinkage continuously regularizes all principal directions toward the better-supported estimate without rejecting the third-step mechanism. Medium and high noise should improve through lower covariance variance; clean, low-noise, stripe, and gradient may regress slightly because curvature-, density-, and outlier-bias corrections are attenuated. The cost is one 3-by-3 matrix blend per query and no extra eigendecomposition. Ablate by setting THIRD_COVARIANCE_SHRINKAGE to zero, exactly recovering the validated thickness-gated estimator.	original
268	b250abc12bf6e0f150ebf885398ff678633483b2	17.33535		1.316	105.3	discard			baseline	Shrink the gated third-pass covariance 5% toward the preceding two-step covariance	The thin-sheet third Tukey fit reduces curvature, density, and outlier bias, but redescending rejection also lowers effective support and makes its covariance noisier. The measured 10% covariance shrinkage improved medium- and high-noise conditions but over-attenuated useful clean, low-noise, stripe, and gradient corrections; this parameter probe uses C = 0.95 C3 + 0.05 C2 to retain more of the robust third-pass geometry while transferring a smaller amount of stability from the better-supported preceding covariance. Medium and high noise should improve modestly, while clean, low-noise, stripe, and gradient may regress less than at 10%. The cost is one 3-by-3 matrix blend per query and no extra eigendecomposition. Ablate by setting THIRD_COVARIANCE_SHRINKAGE to zero, exactly recovering the validated thickness-gated estimator; 0.10 independently recovers the measured stronger shrinkage endpoint. The ordered quadratic-jet retry remains skipped because its prior prediction crash has no precise diagnostic to address.	original
269	b9126089b165d8af972ad0633316b37aeae06c03	17.332476		1.319	113.5	discard			baseline	Shrink the gated third-pass covariance 2.5% toward the preceding two-step covariance	The thin-sheet third Tukey fit reduces curvature, density, and outlier bias, but redescending rejection lowers effective support and makes its covariance noisier. Measured 10% and 5% shrinkage both improved medium- and high-noise conditions while attenuating useful clean, low-noise, stripe, and gradient corrections; 2.5% is the next untested weaker anchor, using C = 0.975 C3 + 0.025 C2 to transfer a small amount of stability from the better-supported preceding covariance. Medium and high noise should improve modestly, while clean, low-noise, stripe, and gradient should regress less than at 5%. The cost is one 3-by-3 matrix blend per query and no extra eigendecomposition. Ablate by setting THIRD_COVARIANCE_SHRINKAGE to zero, exactly recovering the validated thickness-gated estimator; 0.05 independently recovers the measured stronger endpoint. The ordered quadratic-jet retry remains skipped because its prior prediction crash has no precise diagnostic to address.	original
270	ac32a76b2ba66e373436c2bc3604a891f94aaf40	17.331061		1.337	105.3	discard			baseline	Shrink the gated third-pass covariance 1.25% toward the preceding two-step covariance	The thin-sheet third Tukey fit reduces curvature, density, and outlier bias, but redescending rejection lowers effective support and makes its covariance noisier. Measured shrinkage strengths of 10%, 5%, and 2.5% consistently improved medium- and high-noise conditions while increasingly smaller strengths caused increasingly smaller clean, low-noise, stripe, and gradient regressions; 1.25% is the next untested weaker anchor. For the third pass only, diagonalize C = 0.9875 C3 + 0.0125 C2, transferring a minimal amount of stability from the better-supported preceding covariance while preserving nearly all of the robust geometric correction. Medium and high noise should improve slightly; clean, low-noise, stripe, and gradient may regress, but less than at 2.5%. The cost is one 3-by-3 matrix blend per query with no extra eigendecomposition. Ablate by setting THIRD_COVARIANCE_SHRINKAGE to zero, exactly recovering the validated thickness-gated estimator; setting it to 0.025 independently recovers the measured stronger endpoint.	original
271	305c2be94c2bd1e8ff1c8fc1190aac0dbe09e2ef	17.330358		1.369	113.5	discard			baseline	Shrink the gated third-pass covariance 0.625% toward the preceding two-step covariance	The thin-sheet third Tukey fit reduces curvature, density, and outlier bias, but redescending rejection lowers effective support and makes its covariance noisier. Measured shrinkage strengths of 10%, 5%, 2.5%, and 1.25% consistently improved medium- and high-noise conditions while progressively weaker strengths caused progressively smaller clean, low-noise, stripe, and gradient regressions; 0.625% is the next untested halving. For the third pass only, diagonalize C = 0.99375 C3 + 0.00625 C2, transferring minimal stability from the better-supported preceding covariance while retaining nearly all of the robust geometric correction. Medium and high noise should improve slightly; clean, low-noise, stripe, and gradient may regress by an even smaller amount than at 1.25%. The cost is one 3-by-3 matrix blend per query with no extra eigendecomposition. Ablate by setting THIRD_COVARIANCE_SHRINKAGE to zero, exactly recovering the validated thickness-gated estimator; setting it to 0.0125 independently recovers the measured stronger endpoint.	original
272	cb3e7fbcee2ae4b8c779214c7055ea4c69687fb0	17.330009		1.372	97.5	discard			baseline	Shrink the gated third-pass covariance 0.3125% toward the preceding two-step covariance	The thin-sheet third Tukey fit reduces curvature, density, and outlier bias, but redescending rejection lowers effective support and makes its covariance noisier. Measured shrinkage strengths from 10% through 0.625% consistently improved medium- and high-noise conditions while progressively weaker strengths caused progressively smaller clean, low-noise, stripe, and gradient regressions; 0.3125% is the next untested halving. For the third pass only, diagonalize C = 0.996875 C3 + 0.003125 C2, transferring minimal stability from the better-supported preceding covariance while retaining nearly all of the robust geometric correction. Medium and high noise should improve slightly; clean, low-noise, stripe, and gradient may regress by less than at 0.625%. The cost is one 3-by-3 matrix blend per query with no extra eigendecomposition. Ablate by setting THIRD_COVARIANCE_SHRINKAGE to zero, exactly recovering the validated thickness-gated estimator; setting it to 0.00625 independently recovers the measured stronger endpoint.	original
273	9e06e07f5395d231fbe1b358505e9fab6f21d282	17.329834		1.324	95.5	discard			baseline	Shrink the gated third-pass covariance 0.15625% toward the preceding two-step covariance	The thin-sheet third Tukey fit reduces curvature, density, and outlier bias, but redescending rejection lowers effective support and makes its covariance noisier. Measured shrinkage strengths from 10% through 0.3125% consistently improved medium- and high-noise conditions while progressively weaker strengths caused progressively smaller clean, low-noise, stripe, and gradient regressions; 0.15625% is the next untested halving. For the third pass only, diagonalize C = 0.9984375 C3 + 0.0015625 C2, transferring minimal stability from the better-supported preceding covariance while retaining nearly all of the robust geometric correction. Medium and high noise should improve slightly; clean, low-noise, stripe, and gradient may regress by less than at 0.3125%. The cost is one 3-by-3 matrix blend per query with no extra eigendecomposition. Ablate by setting THIRD_COVARIANCE_SHRINKAGE to zero, exactly recovering the validated thickness-gated estimator; setting it to 0.003125 independently recovers the measured stronger endpoint.	original
274	e8b263188975f7179ee99cb6920df78fea1e9238	17.329747		1.349	97.4	discard			baseline	Shrink the gated third-pass covariance 0.078125% toward the preceding two-step covariance	The thin-sheet third Tukey fit reduces curvature, density, and outlier bias, but redescending rejection lowers effective support and makes its covariance noisier. Measured shrinkage strengths from 10% through 0.15625% consistently improved medium- and high-noise conditions while progressively weaker strengths caused progressively smaller clean, low-noise, stripe, and gradient regressions; 0.078125% is the next untested halving in that ordered parameter sequence. For the third pass only, diagonalize C = 0.99921875 C3 + 0.00078125 C2, transferring minimal stability from the better-supported preceding covariance while retaining nearly all of the robust geometric correction. Medium and high noise should improve slightly; clean, low-noise, stripe, and gradient may regress by less than at 0.15625%. The cost is one 3-by-3 matrix blend per query with no extra eigendecomposition. Ablate by setting THIRD_COVARIANCE_SHRINKAGE to zero, exactly recovering the validated thickness-gated estimator; setting it to 0.0015625 independently recovers the measured stronger endpoint. The ordered quadratic-jet retry remains skipped because its prior prediction failure has no precise diagnostic to address.	original
275	f1770480d3d994bc6fe3f2dd7de531e137a6ea7f	17.324171		1.32	97.7	discard			low	Extrapolate the accepted thin-sheet third Tukey normal 5% beyond its two-step correction	The gated third refinement corrects curvature-, asymmetric-density-, and outlier-induced tangent bias on thin coherent sheets, and the completed covariance-shrinkage sweep showed that attenuating this correction consistently worsens clean, low-noise, stripe, and gradient accuracy while only slightly helping medium/high noise. Test the unmeasured opposite direction: sign-align the third normal n3 with the two-step normal n2 and return normalize(n3 + 0.05 (n3 - n2)) only where the retained thickness gate accepts the third fit. This small geometric extrapolation assumes the successive robust correction still points toward the query-local tangent and may improve clean, low-noise, stripe, and gradient conditions; medium and high noise may regress if a residual noise-driven rotation is amplified. The cost is one dot product, vector update, and normalization per query, with no additional neighborhood fit. Ablate by setting THIRD_NORMAL_EXTRAPOLATION to zero, exactly recovering the validated estimator.	original
276	03687df12bf4bcfc693dd371668e794a1fc176b5	17.318931		1.34	97.6	discard			baseline	Extrapolate accepted thin-sheet third-step normal corrections by 10%	The retained gated third Tukey fit corrects curvature-, asymmetric-density-, and outlier-induced tangent bias on thin coherent sheets. The measured 5% normal extrapolation improved clean, low-noise, stripe, and gradient accuracy with only tiny medium/high-noise losses, while the completed covariance-shrinkage sweep showed that attenuating the same correction consistently moves those geometry-sensitive conditions in the wrong direction. For each gate-accepted patch, sign-align n3 to n2 and return normalize(n3 + 0.10 (n3 - n2)); this tests the next simple parameter anchor under the hypothesis that successive robust corrections still point toward the query-local tangent. Clean, low-noise, stripe, and gradient should improve further; medium and high noise may regress if residual noise-driven rotation is amplified. The cost is one dot product, vector update, and normalization per query, with no additional fit. Ablate by removing the extrapolation and returning the accepted third-step normal, exactly recovering the validated estimator; the measured 0.05 setting independently isolates extrapolation strength.	original
277	1962da4702c43034290a150a9e9d78b60ea37388	17.309203		1.433	102.6	discard			baseline	Extrapolate accepted thin-sheet third-step normal corrections by 20%	The retained gated third Tukey fit corrects curvature-, asymmetric-density-, and outlier-induced tangent bias on thin coherent sheets. Measured 5% and 10% extrapolation both improved clean, low-noise, stripe, and gradient accuracy, and the 10% anchor approximately doubled those geometry-sensitive gains with only tiny additional medium/high-noise losses, so 20% is the next untested ordered strength. For each gate-accepted patch, sign-align n3 to n2 and return normalize(n3 + 0.20 (n3 - n2)); this treats the successive robust displacement as a still-underrelaxed correction toward the query-local tangent. Clean, low-noise, stripe, and gradient should improve further; medium and high noise may regress if residual noise-driven rotation is amplified. The cost is one sign alignment, vector update, and normalization per query, with no additional fit. Ablate by setting THIRD_NORMAL_EXTRAPOLATION to zero, exactly recovering the validated estimator; settings 0.05 and 0.10 independently recover the measured anchors.	original
278	5186554f8f8f85a2aa6ba6af25f9e43f87eb80c0	17.29277		1.367	111.7	discard			baseline	Extrapolate accepted thin-sheet third-step normal corrections by 40%	The gated third Tukey refinement corrects curvature-, asymmetric-density-, and outlier-induced tangent bias on thin coherent sheets. Measured 5%, 10%, and 20% extrapolation produced progressively larger improvements on clean, low-noise, stripe, and gradient conditions, indicating that the successive robust correction remains underrelaxed; 40% is the next ordered strength. For each gate-accepted patch, sign-align n3 to n2 and return normalize(n3 + 0.40 (n3 - n2)). Clean, low-noise, stripe, and gradient should improve further, while medium and high noise may regress if residual noise-driven rotation is amplified. The cost is one sign alignment, vector update, and normalization per query, with no additional fit. Ablate by setting THIRD_NORMAL_EXTRAPOLATION to zero, exactly recovering the validated estimator; settings 0.05, 0.10, and 0.20 independently recover the measured anchors.	original
279	c529cefe0007af493961dd386de9f5323568936b	17.268683	14.444381	1.332	105.2	keep			baseline	Extrapolate accepted thin-sheet third-step normal corrections by 80%	On thin coherent patches, successive Tukey-PCA refinements correct curvature-, asymmetric-density-, and outlier-induced tangent bias, but the retained third update remains underrelaxed. Measured extrapolation strengths of 5%, 10%, 20%, and 40% produced progressively larger improvements on clean, low-noise, stripe, and gradient conditions with only very small medium/high-noise losses, so 80% is the next ordered anchor. For gate-accepted patches, sign-align n3 to n2 and return normalize(n3 + 0.8 (n3 - n2)); medium and high noise may regress if residual noise-driven rotation is amplified. The cost is one sign alignment, vector update, and normalization with no additional fit. Ablate by setting THIRD_NORMAL_EXTRAPOLATION to zero, exactly recovering the validated estimator; 0.4 independently recovers the preceding measured anchor.	original
280	0e51cd19ec57c8bc30f13204475391cfc1479f36	17.267139		1.337	113.7	discard			baseline	Extrapolate accepted thin-sheet third-step normal corrections by 160%	On thin coherent patches, successive Tukey-PCA refinements correct curvature-, asymmetric-density-, and outlier-induced tangent bias, but the retained third update appears underrelaxed. Measured extrapolation strengths from 5% through 80% produced monotonic gains on clean, low-noise, stripe, and gradient conditions with only small medium/high-noise losses, so 160% is the next ordered parameter anchor. For gate-accepted patches, sign-align n3 to n2 and return normalize(n3 + 1.6 (n3 - n2)); this extends the measured robust correction without another neighborhood fit. Clean, low-noise, stripe, and gradient should improve further, while medium and high noise may regress if residual noise-driven rotation is amplified. The cost is unchanged: one vector update and normalization per accepted query. Ablate by setting THIRD_NORMAL_EXTRAPOLATION to zero, exactly recovering the non-extrapolated gated estimator; setting it to 0.8 independently recovers the current frontier. The quadratic-jet batch item remains skipped because its prior prediction failure has no precise diagnostic to address.	original
281	a4bf09f713448082f33e18a25652688d1ce34741	17.260117		1.329	97.4	discard			baseline	Extrapolate accepted thin-sheet third-step normal corrections by 120%	On thin coherent patches, successive Tukey-PCA refinements correct curvature-, asymmetric-density-, and outlier-induced tangent bias, but the retained third update remains underrelaxed. Extrapolation strengths through 80% produced monotonic gains on clean, low-noise, stripe, and gradient conditions, whereas 160% crossed the trade-off by regressing low noise and stripe; 120% is the untested midpoint. For each gate-accepted patch, sign-align n3 to n2 and return normalize(n3 + 1.2 (n3 - n2)). Clean and gradient should improve, and low-noise and stripe may improve if the correction remains underrelaxed; medium and high noise may regress slightly, while low-noise and stripe may also regress if 120% is already beyond their optimum. The change only alters one scalar and adds no computation. Ablate by setting THIRD_NORMAL_EXTRAPOLATION to zero to recover the non-extrapolated gated estimator; setting it to 0.8 independently recovers the current frontier.	original
282	f99cb6fef6b529936aecc1cb544c8b38996fb577	17.26241		1.375	104.6	discard			baseline	Extrapolate accepted thin-sheet third-step normal corrections by 100%	On thin coherent patches, successive Tukey-PCA refinements correct curvature-, asymmetric-density-, and outlier-induced tangent bias, but the retained third update remains underrelaxed. The retained 80% extrapolation improved clean, low-noise, stripe, and gradient conditions, while measured 120% began to regress low noise and stripe; 100% is the untested midpoint that brackets this trade-off. For gate-accepted patches, sign-align n3 to n2 and return normalize(n3 + 1.0 (n3 - n2)). Clean and gradient should improve, and low-noise and stripe may improve if their optimum lies above 80%; medium and high noise may regress slightly from amplified noise-driven rotation, while low-noise and stripe may also regress if 80% is already optimal. This changes one scalar with no added computation. Ablate by setting THIRD_NORMAL_EXTRAPOLATION to zero to recover the non-extrapolated gated estimator; setting it to 0.8 independently recovers the validated frontier.	original
283	cdd1b9888a4993a5a03116bfec3399fa38c71e15	17.265045		1.361	105.2	discard			baseline	Extrapolate accepted thin-sheet third-step normal corrections by 90%	On thin coherent patches, successive Tukey-PCA refinements reduce curvature-, asymmetric-density-, and outlier-induced tangent bias, but the retained third update appears slightly underrelaxed. The validated 80% extrapolation improved clean, low-noise, stripe, and gradient accuracy, while the measured 100% endpoint further improved clean, stripe, and gradient but slightly regressed low noise; 90% is the untested midpoint that isolates this local trade-off. For each gate-accepted patch, sign-align n3 to n2 and return normalize(n3 + 0.9 (n3 - n2)). Clean, stripe, and gradient should improve modestly; low noise may regress slightly, and medium/high noise may regress very slightly if noise-driven rotation is amplified. This changes one scalar with no added computation. Ablate by setting THIRD_NORMAL_EXTRAPOLATION to zero to recover the non-extrapolated gated estimator; setting it to 0.8 exactly recovers the validated frontier.	original
284	5ca44db5a2e0796ed22af8c831f0930a3c3ffa85	17.266738		1.384	113.7	discard			baseline	Extrapolate accepted thin-sheet third-step normal corrections by 85%	On thin coherent patches, successive Tukey-PCA refinements reduce curvature-, asymmetric-density-, and outlier-induced tangent bias, but the retained third update remains slightly underrelaxed. The validated 80% extrapolation is the best retained anchor, while 90% further improved clean, stripe, and gradient accuracy but slightly regressed low noise; 85% is the untested midpoint that isolates this local trade-off. For each gate-accepted patch, sign-align n3 to n2 and return normalize(n3 + 0.85 (n3 - n2)). Clean, stripe, and gradient should improve modestly; low noise may regress slightly, and medium/high noise may regress very slightly if noise-driven rotation is amplified. This changes one scalar with no added computation. Ablate by setting THIRD_NORMAL_EXTRAPOLATION to zero to recover the non-extrapolated gated estimator; setting it to 0.8 exactly recovers the validated frontier.	original
285	05b8de829cd7ee75ca870547958b161daf1245e8	17.267679		1.32	105.4	discard			baseline	Extrapolate accepted thin-sheet third-step normal corrections by 82.5%	On thin coherent patches, successive Tukey-PCA refinements reduce curvature-, asymmetric-density-, and outlier-induced tangent bias, but the third update remains slightly underrelaxed. The validated 80% extrapolation is the best retained anchor, while the measured 85% endpoint further improved clean, stripe, and gradient accuracy but slightly regressed low, medium, and high noise; 82.5% is the untested midpoint that completes this local bracket. For each gate-accepted patch, the estimator sign-aligns n3 to n2 and returns normalize(n3 + 0.825 (n3 - n2)). Clean, stripe, and gradient should improve slightly; low, medium, and high noise may regress very slightly if noise-driven rotation is amplified. This changes one global scalar with no added runtime or asymptotic cost. Ablate by restoring the extrapolation to 0.8, exactly recovering the validated frontier; comparison with 0.85 isolates the midpoint parameter.	original
286	a0ca1d8ed50b1c7512aed6735259da71aff70eed	17.275221		1.338	105.6	discard			medium	Extrapolate the gated third-step normal only when Tukey rejection retains at least half of the Gaussian weight mass	The retained 80% extrapolation strongly improves clean, low-noise, stripe, and gradient patches, but slightly amplifies medium/high-noise rotations even when the third redescending covariance is supported by only a small inlier subset. Keep the retained thin-sheet third refinement itself, but apply n = normalize(n3 + 0.8 (n3 - n2)) only when the pre-normalization mass sum_i w_G,i w_T,i is at least 0.5; accepted low-mass patches return the sign-aligned n3 instead. Thus support confidence controls only amplification, rather than discarding the useful robust correction as the previously rejected retained-mass acceptance gate did. Medium and high noise should improve by avoiding extrapolation of under-supported rotations; clean, low-noise, stripe, and gradient may regress where a sparse but valid geometric correction was previously amplified, but should preserve the underlying third-step benefit. The cost is one scalar comparison using the weight sum already required for normalization. Ablate by setting THIRD_EXTRAPOLATION_MIN_RETAINED_MASS to zero, exactly recovering the validated 80% extrapolation.	original
287	c6bc7b4f11424d9a54066028be43aa096958567d	17.268636		1.338	97.8	discard			medium	Smoothly scale third-step normal extrapolation by retained Tukey weight mass	The retained 80% extrapolation corrects underrelaxed curvature-, asymmetric-density-, and outlier-induced tangent bias on thin sheets, but it can amplify a third-step rotation supported by only a small Tukey inlier subset. The measured hard 0.5-mass guard improved low, medium, high, and stripe conditions but regressed clean and gradient by removing extrapolation abruptly. This change instead multiplies the 0.8 extrapolation by clip((M - 0.25) / (0.50 - 0.25), 0, 1), where M = sum_i w_G,i w_T,i is the pre-normalization retained Gaussian mass. Thus fits retaining at least half the spatial kernel receive the full correction, marginally supported fits receive a continuous attenuation, and severely collapsed fits receive none. Medium and high noise should improve by reducing amplification of under-supported rotations; clean, low-noise, stripe, and gradient may regress where sparse geometric inliers are valid, but should retain more benefit than under the rejected hard guard. The cost is one weight sum and scalar ramp per query with no new fit. Ablate by replacing the mass confidence with one, exactly recovering the validated fixed 80% extrapolation; thresholding it at 0.5 independently recovers the measured hard guard.	original
288	6369b67bb1432c66474d807f3185b5a257f7cae0	17.268709		1.321	113.8	discard			low	Extrapolate accepted third-step normal corrections along the unit sphere	The retained normalized chord extrapolation does not increase the angular correction by exactly 80%; its effective gain depends nonlinearly on the angle between the two-step and third-step normals. For each thin-sheet patch, sign-align the normals, decompose the third normal into the preceding normal and its unit tangent direction, and rotate by exactly 1.8 times their angle. This geodesic extrapolation preserves unit length and gives the retained global parameter a direct angular meaning. Clean, low-noise, stripe, and gradient conditions should improve if curvature-, density-, and outlier-bias corrections are still underrelaxed; medium and high noise may regress because noise-driven rotations are also amplified slightly more consistently. The cost is one arccos and two trigonometric evaluations per query, with no additional neighborhood fit. Ablate by restoring the normalized chord formula n3 + 0.8 (n3 - n2), exactly recovering the validated frontier.	original
289	df9d54d7fc3ff95efdcfcf8e05dbe731074bb4ea	17.234654		1.308	98.0	discard			low	Blend 5% of the broad provisional PCA normal into non-thin local patches	The retained 128-neighbor robust normal is query-local but remains variance-limited under medium and high positional noise, while the 224-neighbor provisional PCA normal averages more samples but carries curvature and density bias. Reuse the existing dimensionless residual-thickness decision: thin coherent sheets retain the validated extrapolated third-step normal unchanged, while patches with weighted-MAD thickness above 0.1 times the 112th-neighbor radius return normalize(0.95 n_local + 0.05 n_broad) after sign alignment. This confidence-gated two-scale shrinkage should improve medium and high noise without exposing the thin clean, low-noise, stripe, and gradient patches that benefit from local extrapolation to broad-scale bias; genuinely curved thick patches may regress because thickness cannot distinguish curvature from noise. The cost is one saved normal, dot product, blend, and normalization per query, with no additional neighborhood fit. Ablate by setting THICK_SHEET_BROAD_NORMAL_BLEND to zero, exactly recovering the validated estimator.	original
290	89dbf33a7c9d2ef8f3069ea67e49bc9c5234d164	17.251486		1.361	103.3	discard			low	Blend 2.5% of the broad provisional PCA normal into non-thin local patches	The retained local robust normal is variance-limited under medium and high positional noise, while the existing 224-neighbor provisional PCA normal averages more samples but carries curvature and density bias. The measured 5% blend on non-thin patches improved medium and high noise substantially but regressed clean, low-noise, stripe, and gradient conditions, so halving the blend is the next simple parameter anchor on that measured trade-off. For patches failing the retained thin-sheet gate, sign-align the broad normal to the two-step local normal and return normalize(0.975 n_local + 0.025 n_broad); thin sheets retain the validated extrapolated third-step correction unchanged. Medium and high noise should retain part of the broad-scale variance reduction, while clean, low-noise, stripe, and gradient should regress less than at 5%; genuinely curved thick patches may still inherit broad-neighborhood bias. The cost is one saved normal, dot product, blend, and normalization per query, with no additional fit. Ablate by setting THICK_SHEET_BROAD_NORMAL_BLEND to zero, exactly recovering the validated frontier; setting it to 0.05 independently recovers the measured endpoint.	original
291	d5cf120f3308ba3d5291d4da7a736b913ee7120d	17.260055		1.342	97.8	discard			low	Blend 1.25% of the broad provisional PCA normal into non-thin local patches	The retained local robust normal is variance-limited under medium and high positional noise, whereas the existing 224-neighbor provisional PCA normal averages more samples but carries curvature and density bias. The measured 5% and 2.5% blends on patches failing the retained thin-sheet gate substantially improved medium and high noise, with the smaller blend approximately halving the clean, low-noise, stripe, and gradient regressions; 1.25% is the next simple halving on that measured bias-variance trade-off. For non-thin patches, sign-align the broad normal to the two-step local normal and return normalize(0.9875 n_local + 0.0125 n_broad); thin sheets retain the validated extrapolated third-step correction. Medium and high noise should retain a smaller variance reduction, while clean, low-noise, stripe, and gradient should regress less than at 2.5%; genuinely curved thick patches may still inherit broad-neighborhood bias. The cost is one saved normal, dot product, blend, and normalization per query, with no additional fit. Ablate by setting THICK_SHEET_BROAD_NORMAL_BLEND to zero, exactly recovering the validated frontier; setting it to 0.025 independently recovers the preceding measured endpoint.	original
292	b13562967940b2629114ac80d2e4b1883d3f9e45	17.264357		1.326	113.9	discard			low	Blend 0.625% of the broad provisional PCA normal into non-thin local patches	The retained local robust normal is variance-limited under medium and high positional noise, whereas the existing 224-neighbor provisional PCA normal averages more samples but carries curvature and density bias. Measured 5%, 2.5%, and 1.25% blends on patches failing the retained thin-sheet gate consistently improved medium and high noise, while each halving reduced the clean, low-noise, stripe, and gradient regressions; 0.625% is the next untested halving on that measured bias-variance curve. For non-thin patches, sign-align the broad normal to the two-step local normal and return normalize(0.99375 n_local + 0.00625 n_broad); thin sheets retain the validated extrapolated third-step correction. Medium and high noise should retain a small variance reduction, while clean, low-noise, stripe, and gradient should regress less than at 1.25%; genuinely curved thick patches may still inherit slight broad-neighborhood bias. The cost is one saved normal, dot product, blend, and normalization per query, with no additional fit. Ablate by setting THICK_SHEET_BROAD_NORMAL_BLEND to zero, exactly recovering the validated frontier; setting it to 0.0125 independently recovers the preceding measured endpoint.	original
293	1b7f11a604d94c5d663e3fd1a1a73df8ae480149	17.266518		1.321	97.7	discard			baseline	Blend 0.3125% of the broad provisional PCA normal into non-thin local patches	The retained local robust normal is variance-limited under medium and high positional noise, whereas the existing 224-neighbor provisional PCA normal averages more samples but carries curvature and density bias. Measured 5%, 2.5%, 1.25%, and 0.625% blends on patches failing the retained thin-sheet gate consistently improved medium and high noise, while each halving reduced the clean, low-noise, stripe, and gradient regressions; 0.3125% is the next untested halving on that measured bias-variance curve. For non-thin patches, sign-align the broad normal to the two-step local normal and return normalize(0.996875 n_local + 0.003125 n_broad); thin sheets retain the validated extrapolated third-step correction. Medium and high noise should retain a very small variance reduction, while clean, low-noise, stripe, and gradient should regress less than at 0.625%; genuinely curved thick patches may still inherit slight broad-neighborhood bias. The cost is one saved normal, dot product, blend, and normalization per query, with no additional fit. Ablate by setting THICK_SHEET_BROAD_NORMAL_BLEND to zero, exactly recovering the validated frontier; setting it to 0.00625 independently recovers the preceding measured endpoint.	original
294	e037e26c34dc6b360b9c698faf17c3aa76139ca8	17.267601		1.331	97.8	discard			baseline	Blend 0.15625% of the broad provisional PCA normal into non-thin local patches	The retained local robust normal is variance-limited under medium and high positional noise, whereas the existing 224-neighbor provisional PCA normal averages more samples but carries curvature and density bias. Measured 5%, 2.5%, 1.25%, 0.625%, and 0.3125% blends on patches failing the retained thin-sheet gate consistently improved medium and high noise, while each halving reduced the clean, low-noise, stripe, and gradient regressions; 0.15625% is the next untested halving on that measured bias-variance curve. For non-thin patches, sign-align the broad normal to the two-step local normal and return normalize(0.9984375 n_local + 0.0015625 n_broad); thin sheets retain the validated extrapolated third-step correction. Medium and high noise should retain a minute variance reduction, while clean, low-noise, stripe, and gradient should regress less than at 0.3125%; genuinely curved thick patches may still inherit slight broad-neighborhood bias. The cost is one saved normal, dot product, blend, and normalization per query, with no additional fit. Ablate by setting THICK_SHEET_BROAD_NORMAL_BLEND to zero, exactly recovering the validated frontier; setting it to 0.003125 independently recovers the preceding measured endpoint. The quadratic-jet batch item remains skipped because its prior prediction failure has no precise diagnostic to address.	original
295	d8046ec10607c17439751ee81526029c8c12e868	17.268142		1.336	113.0	discard			baseline	Blend 0.078125% of the broad provisional PCA normal into non-thin local patches	The retained local robust normal is variance-limited under medium and high positional noise, whereas the existing 224-neighbor provisional PCA normal averages more samples but carries curvature and density bias. Measured broad-normal blends from 5% down through 0.15625% on patches failing the retained thin-sheet gate consistently improved medium and high noise, while every halving reduced the clean, low-noise, stripe, and gradient regressions; 0.078125% is the next untested ordered halving. For non-thin patches, sign-align the broad normal to the two-step local normal and return normalize(0.99921875 n_local + 0.00078125 n_broad); thin sheets retain the validated extrapolated third-step correction. Medium and high noise should retain a minute variance reduction, while clean, low-noise, stripe, and gradient should regress less than at 0.15625%; genuinely curved thick patches may still inherit slight broad-neighborhood bias. The cost is one saved normal, dot product, blend, and normalization per query, with no additional fit. Ablate by setting THICK_SHEET_BROAD_NORMAL_BLEND to zero, exactly recovering the validated frontier; setting it to 0.0015625 independently recovers the preceding measured endpoint. The quadratic-jet batch item remains skipped because its prior prediction failure has no precise diagnostic to address.	original
296	362167c2b636a1100ff4d23b99bb57949b253884	17.268412		1.343	97.6	discard			low	Blend 0.0390625% of the broad provisional PCA normal into non-thin local patches	The retained local robust normal is variance-limited under medium and high positional noise, whereas the existing 224-neighbor provisional PCA normal averages more samples but carries curvature and density bias. Measured blends from 5% through 0.078125% on patches failing the retained thin-sheet gate consistently improved medium and high noise, while each halving reduced the clean, low-noise, stripe, and gradient regressions; 0.0390625% is the next untested ordered halving. For non-thin patches, sign-align the broad normal to the two-step local normal and return normalize(0.999609375 n_local + 0.000390625 n_broad); thin sheets retain the validated extrapolated third-step correction. Medium and high noise should retain a minute variance reduction, while clean, low-noise, stripe, and gradient should regress less than at 0.078125%; genuinely curved thick patches may still inherit slight broad-neighborhood bias. The cost is one saved normal, dot product, blend, and normalization per query, with no additional fit. Ablate by setting THICK_SHEET_BROAD_NORMAL_BLEND to zero, exactly recovering the validated frontier. The quadratic-jet batch item remains skipped because its prior prediction failure has no precise diagnostic to address.	original
297	82e323463e05e78a00563bad4a677cd1599580b9	17.233266		1.36	97.7	discard			low	Smoothly increase broad-normal stabilization with robust residual thickness on non-thin patches	The retained local Tukey-PCA normal is accurate on thin coherent geometry but remains variance-limited under positional noise, while the 224-neighbor provisional normal is stabler but curvature-biased. Fixed broad-normal blends on every non-thin patch measured a strict trade-off: medium and high noise improved, but even tiny blends regressed clean, low-noise, stripe, and gradient patches near the thin-sheet boundary. This change uses residual thickness as a continuous noise-ambiguity confidence: patches at sigma/r_112 <= 0.10 keep the extrapolated local correction, non-thin patches ramp linearly from zero broad-normal weight at 0.10 to 5% at 0.20, and thicker patches receive the full 5% after sign alignment. Thus only increasingly thick patches borrow increasing broad-scale covariance averaging. Medium and high noise should improve, while clean, low-noise, stripe, and gradient should regress less than under the measured fixed 5% blend; genuinely curved thick patches may still regress because residual thickness cannot fully separate curvature from noise. The cost is scalar confidence arithmetic and one vector blend, with no additional neighborhood fit. Ablate by setting THICK_SHEET_BROAD_NORMAL_BLEND to zero, exactly recovering the validated frontier estimator; replacing the ramp by one on all non-thin patches independently recovers the measured fixed 5% endpoint.	original
298	2a9624feab8ff331153ebf45c046a8e572fba995	17.238113		1.337	105.2	discard			low	Blend 5% of the broad provisional normal only into very thick local patches	The two-step local Tukey-PCA normal remains variance-limited under medium and high positional noise, while the 224-neighbor provisional PCA normal has lower variance but carries curvature and density bias. Prior fixed and ramped broad-normal blends improved medium and high noise but regressed clean, low-noise, stripe, and gradient patches, including patches just above the thin-sheet boundary. This change leaves thin and moderately thick patches untouched and, only when the existing dimensionless robust thickness satisfies sigma / r_112 >= 0.20, returns normalize(0.95 n_local + 0.05 n_broad) after sign alignment. Medium and high noise should improve because the noisiest patches borrow broad-scale averaging; clean, low-noise, stripe, and gradient should regress less than under the measured all-non-thin and ramped blends, although genuinely curved very-thick patches may still inherit broad-neighborhood bias. The cost is one saved normal, dot product, blend, and normalization per query with no additional fit. Ablate by setting VERY_THICK_SHEET_BROAD_NORMAL_BLEND to zero, exactly recovering the validated frontier estimator. The ordered quadratic-jet retry remains skipped because its prior prediction failure has no precise diagnostic to address.	original
299	8955da37d39728fa10880d95a8032da98a88d7bf	17.248998		1.67	103.6	discard			medium	Add a fourth Tukey-PCA refinement on thin coherent sheets before extrapolating the final normal correction	The retained 80% extrapolation shows that successive robust normal corrections remain underrelaxed on thin patches affected by curvature, asymmetric density, or outliers, but fixed vector extrapolation assumes the next correction without remeasuring residual leverage. For patches passing the existing weighted-MAD thickness gate, perform one more identical Tukey IRLS covariance fit from the third plane, then extrapolate the measured fourth-minus-third normal correction by the retained 80%; non-thin patches still return the two-step normal. Clean, low-noise, stripe, and gradient conditions should improve if robust iterations continue toward the query-local tangent, while medium and high noise may regress because another redescending pass can reduce effective support. The cost is one weighted median/MAD, covariance, and 3-by-3 eigendecomposition per query in the current batched implementation. Ablate by omitting the fourth fit and extrapolating the third-minus-second correction, exactly recovering the current frontier. The ordered quadratic-jet item remains skipped because its prior prediction crash has no precise diagnostic to address.	https://doi.org/10.1080/00401706.1974.10489171
300	440ff0c59ae35c326622d3bd9d590b2967ad8864	17.252996		1.557	104.2	discard			medium	Blend half of a fourth Tukey-PCA continuation into the retained thin-sheet normal	The retained three-step fit and 80% extrapolation show that robust corrections on thin coherent sheets reduce curvature, asymmetric-density, and outlier bias, while the measured full fourth-pass continuation improved clean, stripe, and gradient accuracy but regressed low, medium, and high noise. For patches passing the existing thickness gate, compute the same fourth Tukey covariance, sign-align its extrapolated normal to the retained three-step output, and return their normalized midpoint. This damped continuation uses n = normalize(0.5 n_frontier + 0.5 n4_extrapolated), preserving half of the measured extra geometric correction while reducing amplification of noise-driven rotation. Clean, stripe, and gradient should improve; low, medium, and high noise may regress, but less than under the full fourth continuation. The cost is one weighted median/MAD, covariance, and 3-by-3 eigendecomposition per query. Ablate by removing the fourth fit and midpoint blend, exactly recovering the current estimator. The ordered quadratic-jet retry remains skipped because its prior prediction crash has no precise diagnostic to address.	https://doi.org/10.1080/00401706.1974.10489171
301	349ec2a1c1a2820a0795740bb2c7c8a76d891548	17.25939		1.557	95.8	discard			medium	Blend one quarter of a fourth Tukey-PCA continuation into the retained thin-sheet normal	The retained three-step fit and 80% extrapolation reduce curvature-, asymmetric-density-, and outlier-induced tangent bias on thin coherent sheets, while measured full and half-strength fourth continuations further improved clean, stripe, and gradient accuracy but regressed low-, medium-, and high-noise conditions. For patches passing the existing thickness gate, compute the same fourth Tukey covariance, extrapolate its measured fourth-minus-third normal correction by the retained 80%, sign-align it to the retained frontier normal, and return their normalized 25/75 blend. This is the next untested damping anchor: clean, stripe, and gradient should retain part of the measured continuation gain, while low, medium, and high noise may regress, but less than with the measured half blend. The cost is one weighted median/MAD, covariance, and 3-by-3 eigendecomposition per query. Ablate by setting FOURTH_CONTINUATION_BLEND to zero, which returns the retained three-step extrapolated estimator exactly; setting it to 0.5 independently recovers the measured half-continuation candidate.	https://doi.org/10.1080/00401706.1974.10489171
302	038547c6739961fc8c4f4ff8f512ab6ce839c45f	17.263678		1.559	95.7	discard			medium	Blend one eighth of a fourth Tukey-PCA continuation into the retained thin-sheet normal	The retained three-step Tukey fit and 80% extrapolation reduce curvature-, asymmetric-density-, and outlier-induced tangent bias on thin coherent sheets, while measured full, half, and quarter-strength fourth continuations further improved clean, stripe, and gradient accuracy but regressed low-, medium-, and high-noise conditions. For patches passing the existing thickness gate, compute the same fourth robust covariance, extrapolate its measured fourth-minus-third normal correction by the retained 80%, sign-align it to the retained frontier normal, and return their normalized 12.5/87.5 blend. This next damping anchor should retain a smaller clean, stripe, and gradient benefit while reducing the noise regression relative to the measured quarter blend. The cost is one weighted median/MAD, covariance, and 3-by-3 eigendecomposition per query. Ablate by removing the fourth cutoff/count entries and continuation branch, exactly recovering the retained three-step extrapolated estimator; changing the blend to 0.25 independently recovers the preceding candidate.	https://doi.org/10.1080/00401706.1974.10489171
303	5f52032644ebcc64678b31a91e542e406beaa2da	17.266091		1.548	111.9	discard			medium	Blend one sixteenth of a fourth Tukey-PCA continuation into the retained thin-sheet normal	The retained three-step Tukey fit and 80% extrapolation reduce curvature-, asymmetric-density-, and outlier-induced tangent bias on thin coherent sheets, while measured full, half, quarter, and eighth-strength fourth continuations further improved clean, stripe, and gradient accuracy but regressed low-, medium-, and high-noise conditions. For patches passing the existing thickness gate, compute the same fourth robust covariance, extrapolate its measured fourth-minus-third normal correction by the retained 80%, sign-align it to the retained frontier normal, and return their normalized 6.25/93.75 blend. This next damping anchor should retain a smaller clean, stripe, and gradient benefit while reducing the noise regression relative to the measured one-eighth blend. The cost is one weighted median/MAD, covariance, and 3-by-3 eigendecomposition per query. Ablate by removing the fourth cutoff/count entries and continuation branch, exactly recovering the retained three-step extrapolated estimator; changing the blend to 0.125 independently recovers the preceding candidate. The ordered quadratic-jet retry remains skipped because its prior prediction failure has no precise diagnostic to address.	https://doi.org/10.1080/00401706.1974.10489171
304	3b6297cd14a77090699dbb89c536eeb58b80b0f5	17.267365		1.574	100.1	discard			medium	Blend one thirty-second of a fourth Tukey-PCA continuation into the retained thin-sheet normal	The retained three-step Tukey fit and 80% extrapolation reduce curvature-, asymmetric-density-, and outlier-induced tangent bias on thin coherent sheets, while measured full through one-sixteenth fourth continuations further improved clean, stripe, and gradient accuracy but regressed low-, medium-, and high-noise conditions. For patches passing the existing thickness gate, compute the same fourth robust covariance, extrapolate its measured fourth-minus-third normal correction by 80%, sign-align it to the retained frontier normal, and return their normalized 3.125/96.875 blend. This next ordered damping anchor should retain a still smaller clean, stripe, and gradient benefit while reducing the noise regression relative to the measured one-sixteenth blend. The cost is one weighted median/MAD, covariance, and 3-by-3 eigendecomposition per query. Ablate by removing the fourth cutoff/count entries and continuation branch, exactly recovering the retained three-step extrapolated estimator; changing the blend to 0.0625 independently recovers the preceding candidate. The quadratic-jet retry remains skipped because its prior prediction failure has no precise diagnostic to address.	https://doi.org/10.1080/00401706.1974.10489171
305	d2297e5ff085413e13ece86ad434cb6afb9f6266	17.268018		1.55	111.9	discard			medium	Blend one sixty-fourth of a fourth Tukey-PCA continuation into the retained thin-sheet normal	The retained three-step Tukey fit and 80% normal extrapolation reduce curvature-, asymmetric-density-, and outlier-induced tangent bias on thin coherent sheets, while measured fourth-step blends from full strength through 1/32 consistently improved clean, stripe, and gradient accuracy but regressed low-, medium-, and high-noise conditions. This next ordered damping anchor computes the same independently ablatable fourth robust covariance, extrapolates its measured fourth-minus-third correction by 80%, and blends only 1/64 of that continuation into the retained normal. Clean, stripe, and gradient should retain a still smaller benefit; low, medium, and high noise may regress, but less than at 1/32. The cost is one weighted median/MAD, covariance, and 3-by-3 eigendecomposition per query. Ablate by removing the fourth cutoff/count entries and continuation branch, exactly recovering the retained three-step estimator; setting the blend to 1/32 independently recovers the preceding candidate.	https://doi.org/10.1080/00401706.1974.10489171
306						crash	proposal.validation	Extra data: line 8 column 1 (char 1233)	baseline	agent invocation failed	no valid bounded proposal was produced	original
307	8dac37ec83a11becfd31e46d0a173a10071a82b1	17.270633		1.321	113.8	discard			medium	Scale thin-sheet third-normal extrapolation by agreement between consecutive robust PCA corrections	The retained fixed 80% extrapolation assumes every third Tukey-PCA correction continues toward the query-local tangent, but medium/high-noise patches can produce oscillating IRLS directions whose extrapolation amplifies variance. After sign alignment, compute the cosine between the first-to-second and second-to-third normal updates and multiply the retained extrapolation by max(0, cosine): aligned corrections retain up to the full 80%, orthogonal or reversing corrections retain the measured third normal without extrapolation. Medium and high noise should improve by suppressing amplification of inconsistent updates; clean, low-noise, stripe, and gradient should retain most curvature-, density-, and outlier-bias gains when robust iterations converge consistently, but may regress where a useful correction changes direction. The cost is two vector differences, norms, and a dot product per query with no additional fit. Ablate by replacing the agreement factor with one, exactly recovering fixed 80% extrapolation; setting the global extrapolation to zero independently removes extrapolation.	original
308	64865fed437aece7e31080f198937926a1a3a33c	17.261952		1.327	106.1	discard			low	Add 25% directional momentum from the preceding Tukey-PCA normal correction on accepted thin sheets	The ordered quadratic-jet retry remains blocked because its prediction crash has no precise diagnostic to address. The retained 80% extrapolation treats only the latest robust normal update as evidence of under-corrected curvature, asymmetric-density, or outlier bias. Iteration 307 showed that suppressing extrapolation by the angle between consecutive updates loses clean, stripe, and gradient accuracy, but it did not test whether the preceding update itself contains useful directional signal. On patches already accepted by the retained thin-sheet gate, sign-align n1, n2, and n3 and return normalize(n3 + 0.8(n3 - n2) + 0.25(n2 - n1)). This constant-coefficient two-step continuation preserves the validated latest-update extrapolation while adding a small, independently interpretable memory of the earlier robust correction. Clean, low-noise, stripe, and gradient conditions should improve when successive IRLS updates jointly track persistent neighborhood bias; medium and high noise may regress if the older update carries sampling variance or opposes a useful latest correction. The cost is one saved normal, sign alignment, vector addition, and normalization per query, with no new fit. Ablate by setting THIRD_DIRECTION_MOMENTUM to zero, exactly recovering the validated estimator; removing THIRD_NORMAL_EXTRAPOLATION separately isolates the retained mechanism.	original
309	996ff19e1f10c0eac42f5f6e9bc42fab6e88e005	17.267936		1.31	97.6	discard			low	Cap the retained third-normal extrapolation to a five-degree unit-normal chord	The retained 80% extrapolation improves clean, low-noise, stripe, and gradient patches by continuing an underrelaxed robust correction, but it slightly worsens medium and high noise because an unusually large noise-driven third-step rotation is amplified without bound. Keep the established extrapolation direction and gain, but clip the added vector 0.8 (n3 - n2) to length 2 sin(2.5 degrees), the chord length corresponding to five degrees between unit normals. Small, consistent curvature-, density-, and outlier-bias corrections are therefore unchanged, while large corrections cannot receive more than a bounded continuation. Medium and high noise should improve by limiting amplification of unstable rotations; clean, low-noise, stripe, and gradient should remain unchanged on small updates but may regress where a genuinely useful correction exceeds the cap. The cost is one vector norm and scalar clip per query, with no new fit. Ablate by removing the norm clip, exactly recovering the retained fixed 80% extrapolation; setting THIRD_NORMAL_EXTRAPOLATION to zero independently removes extrapolation.	original
310	889bb294da04278dfe098be3dad3fe437ab502e8	17.276722		1.354	107.4	discard			low	Extrapolate the thin-sheet third Tukey correction only when successive normal-update magnitudes contract	The retained 80% extrapolation assumes the latest robust-PCA update is a converging correction of curvature, asymmetric-density, or outlier bias, but a growing third update is evidence that redescending rejection may be amplifying sampling noise rather than approaching a stable tangent. After sign alignment, compare the unit-normal chord lengths ||n3-n2|| and ||n2-n1||: thin sheets with a nonincreasing correction retain the validated extrapolation, thin sheets with a growing correction return n3 without amplification, and thick sheets remain at n2. Medium and high noise should improve by avoiding amplification of divergent updates; clean, low-noise, stripe, and gradient may regress where a useful geometric correction grows between iterations. The cost is two saved scalar chord lengths and one comparison per query, with no new fit. Ablate by forcing the contraction test true, exactly recovering the retained fixed 80% extrapolation; forcing the extrapolation coefficient to zero independently removes extrapolation. The ordered quadratic-jet retry remains skipped because its prior prediction crash has no precise diagnostic to address.	original
311	cc0707f0c85b0dd52b3b608c9bcbbe135e91c702	17.279924		1.389	110.3	discard			low	Apply 80% third-normal extrapolation only to very thin accepted sheets	The retained third Tukey fit is useful up to robust thickness sigma/r_112 <= 0.10, but extrapolating its normal correction by 80% is a stronger assumption that can amplify residual sampling noise near that acceptance boundary. Keep the third-step normal for every patch passing the established 0.10 thin-sheet gate, but apply extrapolation only when sigma/r_112 <= 0.075; patches between 0.075 and 0.10 receive the measured robust correction without amplification. Medium and high noise should improve by bounding amplification on marginally coherent patches. Clean, low-noise, stripe, and gradient conditions may regress if their useful underrelaxed corrections occur in that thickness band. The cost is one scalar comparison and selection with no new fit. Ablate by setting THIRD_EXTRAPOLATION_MAX_THICKNESS to 0.10, exactly recovering the validated fixed-80% extrapolation; setting THIRD_NORMAL_EXTRAPOLATION to zero independently removes extrapolation.	original
312	fceae8d5c84e380878fbd51c09cfc929bebbfcbd	17.274757		1.323	97.6	discard			medium	Linearly taper third-normal extrapolation across marginally thin sheets	The retained third Tukey fit is useful for every coherent sheet with robust thickness sigma/r_112 <= 0.10, but its additional 80% normal extrapolation assumes that the measured correction is nearly noise-free. The preceding hard restriction to sigma/r_112 <= 0.075 improved medium noise, high noise, and stripe sampling but lost too much clean, low-noise, and gradient accuracy. This change keeps the third-step normal throughout the established 0.10 acceptance range, applies full extrapolation at thickness at most 0.075, and linearly reduces only the extrapolation gain to zero at 0.10. Medium and high noise and stripe should improve by attenuating amplification on marginal sheets; clean, low-noise, and gradient may regress, but less than under the measured hard cutoff because they retain partial continuation. The cost is scalar confidence arithmetic with no new fit. Ablate by replacing the confidence with one, exactly recovering the validated fixed-80% extrapolation; thresholding it at 0.075 independently recovers the preceding hard-gate probe.	original
313						crash	quality.ruff-fix	Ruff exited with status 1	low	Extrapolate only the component of the third Tukey-PCA correction orthogonal to the preceding correction	The retained 80% extrapolation treats the full second-to-third normal update as new evidence of under-corrected curvature, asymmetric-density, or outlier bias, even though its component parallel to the first-to-second update can repeat a direction already incorporated by two robust fits and amplify sampling noise. On accepted thin sheets, sign-align n1, n2, and n3, remove from d3 = n3 - n2 its projection onto d2 = n2 - n1, rescale the remaining direction to ||d3||, and extrapolate it by the retained 80%; a vanishing orthogonal component receives no extrapolation. This should reduce repeated noise amplification and improve medium/high noise, while clean, low-noise, stripe, and gradient may regress when a persistent same-direction correction genuinely tracks neighborhood bias. The cost is saved normals plus vector projections and norms, with no new fit. Ablate by replacing the orthogonalized direction with d3, exactly recovering fixed 80% extrapolation.	original
314	71be0621b6ff042e2ae158c8a4985d36ab478b96	17.335016		1.325	105.8	discard			low	Orthogonalize thin-sheet third-normal extrapolation against the preceding robust PCA update	The retained 80% extrapolation improves clean, low-noise, stripe, and gradient patches by continuing the latest Tukey-PCA correction, but its component parallel to the preceding correction can repeat a direction already incorporated by two robust fits and amplify sampling noise. On accepted thin sheets, sign-align n1, n2, and n3, project d3 = n3 - n2 off d2 = n2 - n1, rescale the orthogonal remainder to ||d3||, and extrapolate that component by 80%; a vanishing orthogonal remainder receives no extrapolation. Medium and high noise should improve through less repeated noise amplification, while clean, low-noise, stripe, and gradient may regress when a persistent same-direction update genuinely tracks curvature, density, or outlier bias. The cost is retaining one normal plus vector projections and norms, with no new neighborhood fit. Ablate by replacing the orthogonalized update with d3, exactly recovering the retained fixed-80% extrapolation. Iteration 313 failed during Ruff processing before evaluation, so this hypothesis remains unmeasured and is retried with explicit shaped arrays.	original
315	845eef7a1ecda4aefb1b191fc654c2dcae4f7f7d	17.270819		1.327	113.9	discard			low	Extrapolate only the persistent component shared by consecutive thin-sheet Tukey-PCA normal corrections	The retained 80% extrapolation assumes the entire latest robust normal update continues a correction of curvature, asymmetric-density, or outlier bias, but a component newly appearing orthogonal to the preceding update is more likely to be sampling noise. The complementary orthogonal-only experiment improved medium and high noise but strongly regressed clean, low-noise, stripe, and gradient conditions, directly showing that the parallel component carries the useful geometric trend. On accepted thin sheets, sign-align n1, n2, and n3, project d3 = n3 - n2 onto d2 = n2 - n1, keep that projection only when it has positive coefficient, and extrapolate it by the retained 80%. Persistent same-direction convergence is continued, while reversing or newly transverse motion receives no amplification. Clean, low-noise, stripe, and gradient should retain more of the frontier benefit than the rejected orthogonalization; medium and high noise may improve by suppressing transient correction components, though geometry whose true correction turns between iterations may regress. The cost is saved normals plus one projection and normalization per query, with no new fit. Ablate by replacing the persistent projection with d3, exactly recovering fixed 80% extrapolation.	original
316	3ba5786ef4fcd40dc36ffb3d01e71b55ae372285	17.268951		1.328	105.6	discard			low	Half-damp only the transverse component of thin-sheet third-normal extrapolation	The retained 80% extrapolation improves clean, low-noise, stripe, and gradient patches, but can amplify sampling noise in medium/high-noise patches. The two complementary measured ablations show that the component of the latest Tukey-PCA update parallel to the preceding update carries most of the useful curvature-, density-, and outlier-bias correction, while suppressing either component completely loses too much geometric accuracy. On accepted thin sheets, sign-align n1, n2, and n3, decompose d3 = n3 - n2 into its projection parallel to d2 = n2 - n1 and its transverse remainder, then extrapolate the parallel component by the retained 0.8 but the transverse component by only 0.4. Persistent geometric convergence is left unchanged while newly turning motion, which is more likely to contain sampling variance, is only partially amplified rather than discarded. Medium and high noise should improve; clean, low-noise, stripe, and gradient may regress slightly if a turning correction is genuinely geometric, but should retain more of the frontier benefit than either projection-only ablation. The cost is one projection and vector decomposition per query with no new fit. Ablate by setting THIRD_TRANSVERSE_EXTRAPOLATION to 0.8, exactly recovering the retained fixed-80% extrapolation; setting it to zero isolates the previously measured persistent-only endpoint.	original
317	a0caf30e31ac1861d58bc33ab05b85a15b677568	17.268773		1.341	105.6	discard			baseline	Quarter-damp the transverse component of thin-sheet third-normal extrapolation	The retained 80% extrapolation improves clean, low-noise, stripe, and gradient patches by continuing an underrelaxed Tukey-PCA correction, but newly turning motion between consecutive robust updates can contain sampling variance. The measured 40% transverse coefficient improved medium, stripe, and gradient while slightly regressing clean, low, and high conditions; 60% is the untested midpoint between that candidate and the retained 80% coefficient. On accepted thin sheets, sign-align n1, n2, and n3, decompose d3 = n3 - n2 into its projection along d2 = n2 - n1 and its transverse remainder, then extrapolate the persistent component by 0.8 and the transverse component by 0.6. Medium, stripe, and gradient should retain smaller gains, while clean, low, and high should regress less than with 0.4. The cost is one vector projection per query with no new fit. Ablate by setting THIRD_TRANSVERSE_EXTRAPOLATION to 0.8, for which the components recombine to exactly recover fixed 80% extrapolation.	original
318						crash	quality.ruff-fix	Ruff exited with status 1	low	Damp the transverse component of thin-sheet third-normal extrapolation from 80% to 70%	The retained 80% extrapolation continues an underrelaxed Tukey-PCA correction on thin sheets, but the part of the latest update that turns away from the preceding update is more likely to contain sampling variance than the persistent component. The measured 40% and 60% transverse coefficients improved medium-noise, stripe, and gradient accuracy but regressed clean, low-noise, and high-noise accuracy, with 60% reducing most trade-offs; 70% is the next untested midpoint toward the retained 80% endpoint. Sign-align n1, n2, and n3, decompose d3 = n3 - n2 into its projection along d2 = n2 - n1 and a transverse remainder, then extrapolate the persistent component by 0.8 and the transverse component by 0.7. Medium noise, stripe, and gradient should retain smaller gains, while clean, low noise, and high noise should regress less than at 0.6. The cost is one vector projection per query and no new fit. Ablate by setting THIRD_TRANSVERSE_EXTRAPOLATION to 0.8, for which the two components recombine to exactly recover the validated fixed-80% extrapolation.	original
319	99deb25b40704216111aa85a1fe30e5e90b6611b	17.268717		1.353	106.1	discard			low	Damp the transverse component of thin-sheet third-normal extrapolation from 80% to 70%	The retained 80% extrapolation continues an underrelaxed Tukey-PCA correction on thin coherent sheets, but the component of the latest update that turns away from the preceding robust update is more likely to contain sampling variance than the persistent component. Sign-align the first three robust normals, decompose d3 = n3 - n2 into its projection along d2 = n2 - n1 and a transverse remainder, then extrapolate the persistent component by 0.8 and the transverse component by 0.7. The measured 0.4 and 0.6 transverse coefficients improved medium-noise, stripe, and gradient accuracy but regressed clean, low-noise, and high-noise accuracy; 0.7 is the untested midpoint toward the retained 0.8 endpoint and should preserve smaller medium, stripe, and gradient gains while reducing those regressions. The prior 0.7 attempt failed during Ruff processing before evaluation, so it did not test the hypothesis; this implementation uses explicit shaped arrays to avoid ambiguous broadcasting. The cost is retaining one normal and one vector projection per query, with no new neighborhood fit. Ablate by setting THIRD_TRANSVERSE_EXTRAPOLATION to 0.8, for which the components recombine to exactly recover the validated fixed-80% extrapolation.	original
320	9909a5caa2cb67b184ea31bfe7ad9e942b197868	17.268698		1.428	106.7	discard			low	Damp the transverse component of thin-sheet third-normal extrapolation from 80% to 75%	The retained 80% extrapolation continues an underrelaxed Tukey-PCA correction on thin coherent sheets, but the component of the latest update that turns away from the preceding update is more likely to contain sampling variance than its persistent component. Sign-align the first three robust normals, decompose d3 = n3 - n2 into its projection along d2 = n2 - n1 and a transverse remainder, then extrapolate the persistent component by 0.8 and the transverse component by 0.75. Measured transverse coefficients 0.4, 0.6, and 0.7 improved medium-noise, stripe, and gradient accuracy but regressed clean, low-noise, and high-noise accuracy; 0.75 is the next untested midpoint toward the retained 0.8 endpoint and should preserve smaller medium, stripe, and gradient gains while further reducing those regressions. The cost is retaining one normal and one vector projection per query, with no new fit. Ablate by setting THIRD_TRANSVERSE_EXTRAPOLATION to 0.8, for which the components recombine to exactly recover the validated fixed-80% extrapolation.	original
321	a599494514dea6a870943f9f44a0e86d9274f3bc	17.26869		1.341	105.9	discard			low	Damp the transverse component of thin-sheet third-normal extrapolation from 80% to 77.5%	The retained 80% extrapolation continues an underrelaxed Tukey-PCA correction on thin coherent sheets, but the component of the latest update that turns away from the preceding robust update is more likely to contain sampling variance than the persistent component. Sign-align the first three robust normals, decompose d3 = n3 - n2 into its projection along d2 = n2 - n1 and a transverse remainder, then extrapolate the persistent component by 0.8 and the transverse component by 0.775. Measured transverse coefficients 0.4, 0.6, 0.7, and 0.75 consistently improved medium-noise, stripe, and gradient accuracy while regressing clean, low-noise, and high-noise accuracy; 0.775 is the next untested midpoint toward the retained 0.8 endpoint and should preserve very small medium, stripe, and gradient gains while roughly halving those regressions relative to 0.75. The cost is retaining one normal and one vector projection per query, with no new neighborhood fit. Ablate by setting THIRD_TRANSVERSE_EXTRAPOLATION to 0.8, for which the two components recombine to exactly recover the validated fixed-80% extrapolation.	original
322						crash	quality.ruff-fix	Ruff exited with status 1	low	Damp the transverse component of thin-sheet third-normal extrapolation from 80% to 78.75%	The retained 80% extrapolation continues an underrelaxed Tukey-PCA correction on thin coherent sheets, but the component of the latest update that turns away from the preceding robust update is more likely to contain sampling variance than the persistent component. Sign-align the first three robust normals, decompose d3 = n3 - n2 into its projection along d2 = n2 - n1 and a transverse remainder, then extrapolate the persistent component by 0.8 and the transverse component by 0.7875. Measured transverse coefficients from 0.4 through 0.775 consistently improved medium-noise, stripe, and gradient accuracy while regressing clean, low-noise, and high-noise accuracy; 0.7875 is the next untested midpoint toward the retained 0.8 endpoint and should preserve minute medium, stripe, and gradient gains while roughly halving the 0.775 regressions. The cost is retaining one normal and one vector projection per query, with no new neighborhood fit. Ablate by setting THIRD_TRANSVERSE_EXTRAPOLATION to 0.8, for which the persistent and transverse components recombine to exactly recover the validated fixed-80% extrapolation.	original
